Competition_Name,Gender,Country,Season_End_Year,Round,Wk,Day,Date,Time,Home,HomeGoals,Away,AwayGoals,Attendance,Venue,Referee,Notes,MatchURL
Super League Greece,M,GRE,2019,Super League Greece,1,Sat,2018-08-25,19:15,Panetolikos,1,Atromitos,2,2075,Stadio Panetolikou,Georgios Kominis,,https://fbref.com/en/matches/c82f1dfd/Panetolikos-Atromitos-August-25-2018-Super-League-Greece
Super League Greece,M,GRE,2019,Super League Greece,1,Sat,2018-08-25,19:15,PAOK,1,Asteras Tripoli,0,16255,Stadio Toumbas,Aristomenis Koutsiaftis,,https://fbref.com/en/matches/24be5ff2/PAOK-Asteras-Tripoli-August-25-2018-Super-League-Greece
Super League Greece,M,GRE,2019,Super League Greece,1,Sat,2018-08-25,21:30,Apollon Smyrnis,0,Larissa,1,632,Stadio Georgios Kamaras,Efstathios Gortsilas,,https://fbref.com/en/matches/37a6343b/Apollon-Smyrnis-Larissa-August-25-2018-Super-League-Greece
Super League Greece,M,GRE,2019,Super League Greece,1,Sat,2018-08-25,21:30,AEK Athens,2,PAS Giannina,0,7504,Olympiako Stadio Spyros Louis,Athanasios Sezos,,https://fbref.com/en/matches/b86cb0d5/AEK-Athens-PAS-Giannina-August-25-2018-Super-League-Greece
Super League Greece,M,GRE,2019,Super League Greece,1,Sun,2018-08-26,19:15,Panionios,2,OFI Crete,2,1689,Stadio Néas Smírnis,Giorgos Vreskas,,https://fbref.com/en/matches/847d1cba/Panionios-OFI-Crete-August-26-2018-Super-League-Greece
Super League Greece,M,GRE,2019,Super League Greece,1,Sun,2018-08-26,19:15,Xanthi,0,Panathinaikos,1,1933,Xanthi FC Arena,Tasos Sidiropoulos,,https://fbref.com/en/matches/ea0b3919/Xanthi-Panathinaikos-August-26-2018-Super-League-Greece
Super League Greece,M,GRE,2019,Super League Greece,1,Sun,2018-08-26,21:30,Olympiacos,1,Levadiakos,0,15123,Stadio Georgios Karaiskáki,Stefanos Koubarakis,,https://fbref.com/en/matches/c2739226/Olympiacos-Levadiakos-August-26-2018-Super-League-Greece
Super League Greece,M,GRE,2019,Super League Greece,1,Mon,2018-08-27,21:30,PAS Lamia,0,Aris,3,11671,Dimotiko Athlitiko Kentro Lamias,Aristotelis Diamantopoulos,,https://fbref.com/en/matches/203600cd/PAS-Lamia-Aris-August-27-2018-Super-League-Greece
Super League Greece,M,GRE,2019,Super League Greece,10,Sat,2018-11-10,17:15,Larissa,2,PAS Giannina,0,2160,AEL Arena,Praxiteles Zachariadis,,https://fbref.com/en/matches/e97f7ab0/Larissa-PAS-Giannina-November-10-2018-Super-League-Greece
Super League Greece,M,GRE,2019,Super League Greece,10,Sat,2018-11-10,19:00,Xanthi,0,Panionios,1,1284,Xanthi FC Arena,Georgios Kominis,,https://fbref.com/en/matches/8a4c832d/Xanthi-Panionios-November-10-2018-Super-League-Greece
Super League Greece,M,GRE,2019,Super League Greece,10,Sat,2018-11-10,19:30,Levadiakos,2,OFI Crete,1,1237,Stadio Levadias,Evangelos Gratsanis,,https://fbref.com/en/matches/e483b585/Levadiakos-OFI-Crete-November-10-2018-Super-League-Greece
Super League Greece,M,GRE,2019,Super League Greece,10,Sun,2018-11-11,15:00,AEK Athens,0,Atromitos,2,NA,Olympiako Stadio Spyros Louis,Aristotelis Diamantopoulos,,https://fbref.com/en/matches/0aeeef95/AEK-Athens-Atromitos-November-11-2018-Super-League-Greece
Super League Greece,M,GRE,2019,Super League Greece,10,Sun,2018-11-11,17:15,PAOK,2,Panetolikos,1,15168,Stadio Toumbas,Alexandros Tsamouris,,https://fbref.com/en/matches/9539f2a1/PAOK-Panetolikos-November-11-2018-Super-League-Greece
Super League Greece,M,GRE,2019,Super League Greece,10,Sun,2018-11-11,19:00,PAS Lamia,0,Asteras Tripoli,0,1563,Dimotiko Athlitiko Kentro Lamias,Giorgos Vreskas,,https://fbref.com/en/matches/a62b1e75/PAS-Lamia-Asteras-Tripoli-November-11-2018-Super-League-Greece
Super League Greece,M,GRE,2019,Super League Greece,10,Sun,2018-11-11,19:30,Olympiacos,1,Panathinaikos,1,31250,Stadio Georgios Karaiskáki,Adrien Jaccottet,,https://fbref.com/en/matches/39ba1614/Olympiacos-Panathinaikos-November-11-2018-Super-League-Greece
Super League Greece,M,GRE,2019,Super League Greece,10,Mon,2018-11-12,19:00,Apollon Smyrnis,1,Aris,2,912,Stadio Georgios Kamaras,Konstantinos Kotsanis,,https://fbref.com/en/matches/4d11a695/Apollon-Smyrnis-Aris-November-12-2018-Super-League-Greece
Super League Greece,M,GRE,2019,Super League Greece,11,Sat,2018-11-24,16:00,Panathinaikos,5,Apollon Smyrnis,1,4696,Stadio Panetolikou,Fotios Fotiadis,,https://fbref.com/en/matches/3af0ac06/Panathinaikos-Apollon-Smyrnis-November-24-2018-Super-League-Greece
Super League Greece,M,GRE,2019,Super League Greece,11,Sat,2018-11-24,17:15,Asteras Tripoli,2,Larissa,0,1134,Stadio Theodoros Kolokotronis,Anastasios Papapetrou,,https://fbref.com/en/matches/374d72af/Asteras-Tripoli-Larissa-November-24-2018-Super-League-Greece
Super League Greece,M,GRE,2019,Super League Greece,11,Sat,2018-11-24,19:00,Panetolikos,2,AEK Athens,1,3541,Olympiako Stadio Spyros Louis,Manolis Skoulas,,https://fbref.com/en/matches/c5890bc6/Panetolikos-AEK-Athens-November-24-2018-Super-League-Greece
Super League Greece,M,GRE,2019,Super League Greece,11,Sat,2018-11-24,19:30,PAOK,2,Xanthi,0,14747,Stadio Toumbas,Athanasios Sezos,,https://fbref.com/en/matches/e1acced0/PAOK-Xanthi-November-24-2018-Super-League-Greece
Super League Greece,M,GRE,2019,Super League Greece,11,Sun,2018-11-25,17:15,PAS Giannina,2,Levadiakos,0,2058,Stadio Zosimades,Georgios Tzovaras,,https://fbref.com/en/matches/11f8f80a/PAS-Giannina-Levadiakos-November-25-2018-Super-League-Greece
Super League Greece,M,GRE,2019,Super League Greece,11,Sun,2018-11-25,19:00,Atromitos,1,Olympiacos,2,1673,Stadio Peristeriou,Angelos Evangelo u,,https://fbref.com/en/matches/4880d314/Atromitos-Olympiacos-November-25-2018-Super-League-Greece
Super League Greece,M,GRE,2019,Super League Greece,11,Sun,2018-11-25,19:30,OFI Crete,1,Aris,2,2432,Stadio Thódoros Vardinoyánnis,Athanassios Tzilos,,https://fbref.com/en/matches/3629a055/OFI-Crete-Aris-November-25-2018-Super-League-Greece
Super League Greece,M,GRE,2019,Super League Greece,11,Mon,2018-11-26,19:30,Panionios,1,PAS Lamia,0,806,Stadio Néas Smírnis,Vasilis Fotias,,https://fbref.com/en/matches/8de3e2b0/Panionios-PAS-Lamia-November-26-2018-Super-League-Greece
Super League Greece,M,GRE,2019,Super League Greece,12,Sat,2018-12-01,17:15,Larissa,4,Panionios,2,1991,AEL Arena,Ilias Papadopoulos,,https://fbref.com/en/matches/52dd5242/Larissa-Panionios-December-1-2018-Super-League-Greece
Super League Greece,M,GRE,2019,Super League Greece,12,Sat,2018-12-01,19:00,Apollon Smyrnis,1,Atromitos,1,601,Stadio Georgios Kamaras,Georgios Kominis,,https://fbref.com/en/matches/71bdc9dd/Apollon-Smyrnis-Atromitos-December-1-2018-Super-League-Greece
Super League Greece,M,GRE,2019,Super League Greece,12,Sat,2018-12-01,19:30,PAS Giannina,1,OFI Crete,1,3052,Stadio Zosimades,Giorgos Labrou,,https://fbref.com/en/matches/4f6fb77a/PAS-Giannina-OFI-Crete-December-1-2018-Super-League-Greece
Super League Greece,M,GRE,2019,Super League Greece,12,Sun,2018-12-02,17:15,Levadiakos,0,Asteras Tripoli,2,1214,Stadio Levadias,Evangelos Manouhos,,https://fbref.com/en/matches/dfd9871b/Levadiakos-Asteras-Tripoli-December-2-2018-Super-League-Greece
Super League Greece,M,GRE,2019,Super League Greece,12,Sun,2018-12-02,19:00,Aris,1,Panathinaikos,1,9498,Stadio Harilaou Kleánthis Vikelídis,Georgios Tzovaras,,https://fbref.com/en/matches/76f012a8/Aris-Panathinaikos-December-2-2018-Super-League-Greece
Super League Greece,M,GRE,2019,Super League Greece,12,Sun,2018-12-02,19:30,AEK Athens,2,Xanthi,0,6114,Olympiako Stadio Spyros Louis,Praxiteles Zachariadis,,https://fbref.com/en/matches/05313c02/AEK-Athens-Xanthi-December-2-2018-Super-League-Greece
Super League Greece,M,GRE,2019,Super League Greece,12,Mon,2018-12-03,19:00,PAS Lamia,0,PAOK,1,1648,Dimotiko Athlitiko Kentro Lamias,Alexandros Tsamouris,,https://fbref.com/en/matches/6f771896/PAS-Lamia-PAOK-December-3-2018-Super-League-Greece
Super League Greece,M,GRE,2019,Super League Greece,12,Mon,2018-12-03,19:30,Olympiacos,2,Panetolikos,1,15531,Stadio Georgios Karaiskáki,Stefanos Koubarakis,,https://fbref.com/en/matches/4d4618f4/Olympiacos-Panetolikos-December-3-2018-Super-League-Greece
Super League Greece,M,GRE,2019,Super League Greece,13,Sat,2018-12-08,17:15,Asteras Tripoli,1,PAS Giannina,0,1264,Stadio Theodoros Kolokotronis,Georgios Kominis,,https://fbref.com/en/matches/5670ca1e/Asteras-Tripoli-PAS-Giannina-December-8-2018-Super-League-Greece
Super League Greece,M,GRE,2019,Super League Greece,13,Sat,2018-12-08,19:30,AEK Athens,2,PAS Lamia,0,5541,Olympiako Stadio Spyros Louis,Anastasios Papapetrou,,https://fbref.com/en/matches/04b79533/AEK-Athens-PAS-Lamia-December-8-2018-Super-League-Greece
Super League Greece,M,GRE,2019,Super League Greece,13,Sun,2018-12-09,15:30,Xanthi,1,Olympiacos,1,1342,Xanthi FC Arena,Athanassios Tzilos,,https://fbref.com/en/matches/52076921/Xanthi-Olympiacos-December-9-2018-Super-League-Greece
Super League Greece,M,GRE,2019,Super League Greece,13,Sun,2018-12-09,17:15,OFI Crete,3,Panathinaikos,1,4932,Stadio Thódoros Vardinoyánnis,Manolis Skoulas,,https://fbref.com/en/matches/80a0d872/OFI-Crete-Panathinaikos-December-9-2018-Super-League-Greece
Super League Greece,M,GRE,2019,Super League Greece,13,Sun,2018-12-09,19:00,Atromitos,4,Aris,2,860,Stadio Peristeriou,Aristomenis Koutsiaftis,,https://fbref.com/en/matches/62769239/Atromitos-Aris-December-9-2018-Super-League-Greece
Super League Greece,M,GRE,2019,Super League Greece,13,Sun,2018-12-09,19:30,PAOK,2,Larissa,1,15219,Stadio Toumbas,Konstantinos Kotsanis,,https://fbref.com/en/matches/c30e080e/PAOK-Larissa-December-9-2018-Super-League-Greece
Super League Greece,M,GRE,2019,Super League Greece,13,Mon,2018-12-10,19:00,Panetolikos,2,Apollon Smyrnis,1,1867,Stadio Panetolikou,Evangelos Gratsanis,,https://fbref.com/en/matches/fae4b17d/Panetolikos-Apollon-Smyrnis-December-10-2018-Super-League-Greece
Super League Greece,M,GRE,2019,Super League Greece,13,Mon,2018-12-10,19:30,Panionios,1,Levadiakos,1,956,Stadio Néas Smírnis,Giorgos Tassis,,https://fbref.com/en/matches/fc089725/Panionios-Levadiakos-December-10-2018-Super-League-Greece
Super League Greece,M,GRE,2019,Super League Greece,14,Sat,2018-12-15,17:15,PAS Giannina,3,Panionios,1,2149,Stadio Zosimades,Anastasios Papapetrou,,https://fbref.com/en/matches/9c5646c6/PAS-Giannina-Panionios-December-15-2018-Super-League-Greece
Super League Greece,M,GRE,2019,Super League Greece,14,Sat,2018-12-15,19:00,Aris,1,Panetolikos,2,5651,Stadio Harilaou Kleánthis Vikelídis,Angelos Evangelo u,,https://fbref.com/en/matches/05820eac/Aris-Panetolikos-December-15-2018-Super-League-Greece
Super League Greece,M,GRE,2019,Super League Greece,14,Sat,2018-12-15,19:30,Asteras Tripoli,2,OFI Crete,1,1216,Stadio Theodoros Kolokotronis,Fotios Fotiadis,,https://fbref.com/en/matches/289a0c85/Asteras-Tripoli-OFI-Crete-December-15-2018-Super-League-Greece
Super League Greece,M,GRE,2019,Super League Greece,14,Sun,2018-12-16,16:00,Apollon Smyrnis,1,Xanthi,0,442,Stadio Georgios Kamaras,Giorgos Vreskas,,https://fbref.com/en/matches/fad6631e/Apollon-Smyrnis-Xanthi-December-16-2018-Super-League-Greece
Super League Greece,M,GRE,2019,Super League Greece,14,Sun,2018-12-16,17:15,Larissa,0,AEK Athens,0,2855,AEL Arena,Praxiteles Zachariadis,,https://fbref.com/en/matches/79a33d5a/Larissa-AEK-Athens-December-16-2018-Super-League-Greece
Super League Greece,M,GRE,2019,Super League Greece,14,Sun,2018-12-16,19:00,Panathinaikos,1,Atromitos,0,6064,Olympiako Stadio Spyros Louis,Tasos Sidiropoulos,,https://fbref.com/en/matches/7132b3f6/Panathinaikos-Atromitos-December-16-2018-Super-League-Greece
Super League Greece,M,GRE,2019,Super League Greece,14,Sun,2018-12-16,19:30,Olympiacos,3,PAS Lamia,0,19250,Stadio Georgios Karaiskáki,Aristotelis Diamantopoulos,,https://fbref.com/en/matches/1e4e610b/Olympiacos-PAS-Lamia-December-16-2018-Super-League-Greece
Super League Greece,M,GRE,2019,Super League Greece,14,Mon,2018-12-17,19:30,Levadiakos,1,PAOK,2,1871,Stadio Levadias,Stefanos Koubarakis,,https://fbref.com/en/matches/4e617e9d/Levadiakos-PAOK-December-17-2018-Super-League-Greece
Super League Greece,M,GRE,2019,Super League Greece,15,Wed,2019-01-30,15:00,Panionios,1,Asteras Tripoli,0,876,Stadio Néas Smírnis,Alexandros Tsamouris,,https://fbref.com/en/matches/212dc94c/Panionios-Asteras-Tripoli-January-30-2019-Super-League-Greece
Super League Greece,M,GRE,2019,Super League Greece,15,Wed,2019-01-30,16:00,PAS Lamia,2,Apollon Smyrnis,1,1697,Dimotiko Athlitiko Kentro Lamias,Athanasios Sezos,,https://fbref.com/en/matches/46cd43aa/PAS-Lamia-Apollon-Smyrnis-January-30-2019-Super-League-Greece
Super League Greece,M,GRE,2019,Super League Greece,15,Wed,2019-01-30,17:15,PAOK,2,PAS Giannina,1,10837,Stadio Toumbas,Fotios Fotiadis,,https://fbref.com/en/matches/7c832f90/PAOK-PAS-Giannina-January-30-2019-Super-League-Greece
Super League Greece,M,GRE,2019,Super League Greece,15,Wed,2019-01-30,17:15,AEK Athens,1,Levadiakos,0,5124,Olympiako Stadio Spyros Louis,Konstantinos Kotsanis,,https://fbref.com/en/matches/4ca1fba0/AEK-Athens-Levadiakos-January-30-2019-Super-League-Greece
Super League Greece,M,GRE,2019,Super League Greece,15,Wed,2019-01-30,19:00,Panetolikos,0,Panathinaikos,1,3047,Stadio Panetolikou,Giorgos Vreskas,,https://fbref.com/en/matches/53608f29/Panetolikos-Panathinaikos-January-30-2019-Super-League-Greece
Super League Greece,M,GRE,2019,Super League Greece,15,Wed,2019-01-30,19:30,Olympiacos,4,Larissa,0,17122,Stadio Georgios Karaiskáki,Georgios Kominis,,https://fbref.com/en/matches/2d575a5d/Olympiacos-Larissa-January-30-2019-Super-League-Greece
Super League Greece,M,GRE,2019,Super League Greece,15,Thu,2019-01-31,17:15,OFI Crete,1,Atromitos,1,2344,Stadio Thódoros Vardinoyánnis,Evangelos Manouhos,,https://fbref.com/en/matches/764cac2b/OFI-Crete-Atromitos-January-31-2019-Super-League-Greece
Super League Greece,M,GRE,2019,Super League Greece,15,Thu,2019-01-31,19:00,Xanthi,0,Aris,1,1299,Xanthi FC Arena,Giorgos Tassis,,https://fbref.com/en/matches/daeca914/Xanthi-Aris-January-31-2019-Super-League-Greece
Super League Greece,M,GRE,2019,Super League Greece,16,Sat,2019-01-12,17:15,Larissa,3,Apollon Smyrnis,0,1349,AEL Arena,Alexandros Tsamouris,,https://fbref.com/en/matches/589ebd53/Larissa-Apollon-Smyrnis-January-12-2019-Super-League-Greece
Super League Greece,M,GRE,2019,Super League Greece,16,Sat,2019-01-12,19:00,Atromitos,2,Panetolikos,2,537,Stadio Peristeriou,Anastasios Papapetrou,,https://fbref.com/en/matches/6d9c4254/Atromitos-Panetolikos-January-12-2019-Super-League-Greece
Super League Greece,M,GRE,2019,Super League Greece,16,Sat,2019-01-12,19:30,OFI Crete,1,Panionios,1,2653,Stadio Thódoros Vardinoyánnis,Georgios Kominis,,https://fbref.com/en/matches/178f9eb3/OFI-Crete-Panionios-January-12-2019-Super-League-Greece
Super League Greece,M,GRE,2019,Super League Greece,16,Sun,2019-01-13,17:15,Levadiakos,0,Olympiacos,2,2825,Stadio Levadias,Tasos Sidiropoulos,,https://fbref.com/en/matches/ebfc8e34/Levadiakos-Olympiacos-January-13-2019-Super-League-Greece
Super League Greece,M,GRE,2019,Super League Greece,16,Sun,2019-01-13,19:00,Panathinaikos,2,Xanthi,2,3558,Olympiako Stadio Spyros Louis,Angelos Evangelo u,,https://fbref.com/en/matches/571d0dac/Panathinaikos-Xanthi-January-13-2019-Super-League-Greece
Super League Greece,M,GRE,2019,Super League Greece,16,Sun,2019-01-13,19:30,Asteras Tripoli,0,PAOK,3,2115,Stadio Theodoros Kolokotronis,Manolis Skoulas,,https://fbref.com/en/matches/075ed587/Asteras-Tripoli-PAOK-January-13-2019-Super-League-Greece
Super League Greece,M,GRE,2019,Super League Greece,16,Mon,2019-01-14,19:00,Aris,1,PAS Lamia,0,4501,Stadio Harilaou Kleánthis Vikelídis,Evangelos Manouhos,,https://fbref.com/en/matches/85756521/Aris-PAS-Lamia-January-14-2019-Super-League-Greece
Super League Greece,M,GRE,2019,Super League Greece,16,Mon,2019-01-14,19:30,PAS Giannina,0,AEK Athens,4,2800,Stadio Zosimades,Stefanos Koubarakis,,https://fbref.com/en/matches/84b03992/PAS-Giannina-AEK-Athens-January-14-2019-Super-League-Greece
Super League Greece,M,GRE,2019,Super League Greece,17,Sat,2019-01-19,17:15,PAS Giannina,1,Olympiacos,2,3630,Stadio Zosimades,Ioannis Papadopoulos,,https://fbref.com/en/matches/34b11c42/PAS-Giannina-Olympiacos-January-19-2019-Super-League-Greece
Super League Greece,M,GRE,2019,Super League Greece,17,Sat,2019-01-19,19:00,Apollon Smyrnis,0,Levadiakos,0,374,Stadio Georgios Kamaras,Giorgos Labrou,,https://fbref.com/en/matches/f2c21a4f/Apollon-Smyrnis-Levadiakos-January-19-2019-Super-League-Greece
Super League Greece,M,GRE,2019,Super League Greece,17,Sat,2019-01-19,19:30,PAOK,3,Panionios,0,15961,Stadio Toumbas,Tasos Sidiropoulos,,https://fbref.com/en/matches/b0b8aa0f/PAOK-Panionios-January-19-2019-Super-League-Greece
Super League Greece,M,GRE,2019,Super League Greece,17,Sun,2019-01-20,15:00,OFI Crete,3,Panetolikos,0,2381,Stadio Thódoros Vardinoyánnis,Konstantinos Kotsanis,,https://fbref.com/en/matches/d4fc7425/OFI-Crete-Panetolikos-January-20-2019-Super-League-Greece
Super League Greece,M,GRE,2019,Super League Greece,17,Sun,2019-01-20,17:15,Larissa,0,Aris,0,2569,AEL Arena,Fotios Fotiadis,,https://fbref.com/en/matches/88407729/Larissa-Aris-January-20-2019-Super-League-Greece
Super League Greece,M,GRE,2019,Super League Greece,17,Sun,2019-01-20,19:00,Xanthi,2,Atromitos,1,940,Xanthi FC Arena,Manolis Skoulas,,https://fbref.com/en/matches/b362e079/Xanthi-Atromitos-January-20-2019-Super-League-Greece
Super League Greece,M,GRE,2019,Super League Greece,17,Sun,2019-01-20,19:30,AEK Athens,3,Asteras Tripoli,0,7518,Olympiako Stadio Spyros Louis,Vasilis Fotias,,https://fbref.com/en/matches/69e42e7d/AEK-Athens-Asteras-Tripoli-January-20-2019-Super-League-Greece
Super League Greece,M,GRE,2019,Super League Greece,17,Mon,2019-01-21,19:00,PAS Lamia,1,Panathinaikos,0,2528,Dimotiko Athlitiko Kentro Lamias,Praxiteles Zachariadis,,https://fbref.com/en/matches/11cd8970/PAS-Lamia-Panathinaikos-January-21-2019-Super-League-Greece
Super League Greece,M,GRE,2019,Super League Greece,18,Sat,2019-01-26,17:15,PAS Giannina,1,Apollon Smyrnis,0,2072,Stadio Zosimades,Praxiteles Zachariadis,,https://fbref.com/en/matches/000da87e/PAS-Giannina-Apollon-Smyrnis-January-26-2019-Super-League-Greece
Super League Greece,M,GRE,2019,Super League Greece,18,Sat,2019-01-26,19:00,Panetolikos,0,Xanthi,0,1924,Olympiako Stadio Spyros Louis,Aristomenis Koutsiaftis,,https://fbref.com/en/matches/93165e02/Panetolikos-Xanthi-January-26-2019-Super-League-Greece
Super League Greece,M,GRE,2019,Super League Greece,18,Sat,2019-01-26,19:30,Panionios,0,AEK Athens,2,2126,Stadio Néas Smírnis,Angelos Evangelo u,,https://fbref.com/en/matches/b6d2003a/Panionios-AEK-Athens-January-26-2019-Super-League-Greece
Super League Greece,M,GRE,2019,Super League Greece,18,Sun,2019-01-27,15:00,Levadiakos,1,Aris,0,1405,Stadio Levadias,Athanasios Sezos,,https://fbref.com/en/matches/de5591e4/Levadiakos-Aris-January-27-2019-Super-League-Greece
Super League Greece,M,GRE,2019,Super League Greece,18,Sun,2019-01-27,16:00,PAS Lamia,2,Atromitos,1,2075,Dimotiko Athlitiko Kentro Lamias,Georgios Kominis,,https://fbref.com/en/matches/f5e03284/PAS-Lamia-Atromitos-January-27-2019-Super-League-Greece
Super League Greece,M,GRE,2019,Super League Greece,18,Sun,2019-01-27,17:15,PAOK,4,OFI Crete,0,15619,Stadio Toumbas,Evangelos Gratsanis,,https://fbref.com/en/matches/aad379ad/PAOK-OFI-Crete-January-27-2019-Super-League-Greece
Super League Greece,M,GRE,2019,Super League Greece,18,Sun,2019-01-27,19:00,Panathinaikos,1,Larissa,1,2974,Stadio Panetolikou,Ioannis Papadopoulos,,https://fbref.com/en/matches/ca339d08/Panathinaikos-Larissa-January-27-2019-Super-League-Greece
Super League Greece,M,GRE,2019,Super League Greece,18,Sun,2019-01-27,19:30,Asteras Tripoli,0,Olympiacos,2,5011,Stadio Theodoros Kolokotronis,Stefanos Koubarakis,,https://fbref.com/en/matches/0741006f/Asteras-Tripoli-Olympiacos-January-27-2019-Super-League-Greece
Super League Greece,M,GRE,2019,Super League Greece,19,Sat,2019-02-02,19:00,PAS Lamia,0,Panetolikos,2,1894,Dimotiko Athlitiko Kentro Lamias,Evangelos Gratsanis,,https://fbref.com/en/matches/0fd6d57d/PAS-Lamia-Panetolikos-February-2-2019-Super-League-Greece
Super League Greece,M,GRE,2019,Super League Greece,19,Sat,2019-02-02,19:30,Olympiacos,4,Panionios,0,19231,Stadio Georgios Karaiskáki,Konstantinos Kotsanis,,https://fbref.com/en/matches/459cbfaa/Olympiacos-Panionios-February-2-2019-Super-League-Greece
Super League Greece,M,GRE,2019,Super League Greece,19,Sun,2019-02-03,15:00,OFI Crete,0,Xanthi,0,3007,Stadio Thódoros Vardinoyánnis,Anastasios Papapetrou,,https://fbref.com/en/matches/6a5cc690/OFI-Crete-Xanthi-February-3-2019-Super-League-Greece
Super League Greece,M,GRE,2019,Super League Greece,19,Sun,2019-02-03,16:00,Apollon Smyrnis,0,Asteras Tripoli,2,482,Stadio Georgios Kamaras,Georgios Tzovaras,,https://fbref.com/en/matches/01fa20db/Apollon-Smyrnis-Asteras-Tripoli-February-3-2019-Super-League-Greece
Super League Greece,M,GRE,2019,Super League Greece,19,Sun,2019-02-03,17:15,Levadiakos,0,Panathinaikos,0,1505,Stadio Levadias,Vasilis Fotias,,https://fbref.com/en/matches/32f10916/Levadiakos-Panathinaikos-February-3-2019-Super-League-Greece
Super League Greece,M,GRE,2019,Super League Greece,19,Sun,2019-02-03,17:15,Larissa,0,Atromitos,1,1867,AEL Arena,Aristotelis Diamantopoulos,,https://fbref.com/en/matches/e0c0cc12/Larissa-Atromitos-February-3-2019-Super-League-Greece
Super League Greece,M,GRE,2019,Super League Greece,19,Sun,2019-02-03,19:00,Aris,1,PAS Giannina,0,7167,Stadio Harilaou Kleánthis Vikelídis,Stefanos Koubarakis,,https://fbref.com/en/matches/21a16bc3/Aris-PAS-Giannina-February-3-2019-Super-League-Greece
Super League Greece,M,GRE,2019,Super League Greece,19,Sun,2019-02-03,19:30,AEK Athens,1,PAOK,1,24291,Olympiako Stadio Spyros Louis,Michael Tykgaard,,https://fbref.com/en/matches/ea5c590b/AEK-Athens-PAOK-February-3-2019-Super-League-Greece
Super League Greece,M,GRE,2019,Super League Greece,2,Sat,2018-09-01,19:15,Panathinaikos,3,PAS Lamia,1,5974,Stadio Panetolikou,Alexandros Tsamouris,,https://fbref.com/en/matches/3d123197/Panathinaikos-PAS-Lamia-September-1-2018-Super-League-Greece
Super League Greece,M,GRE,2019,Super League Greece,2,Sat,2018-09-01,21:30,Atromitos,0,Xanthi,0,542,Stadio Peristeriou,Manolis Skoulas,,https://fbref.com/en/matches/bf56fb0b/Atromitos-Xanthi-September-1-2018-Super-League-Greece
Super League Greece,M,GRE,2019,Super League Greece,2,Sat,2018-09-01,21:30,Asteras Tripoli,0,AEK Athens,1,3844,Stadio Theodoros Kolokotronis,Ioannis Papadopoulos,,https://fbref.com/en/matches/cfe407ed/Asteras-Tripoli-AEK-Athens-September-1-2018-Super-League-Greece
Super League Greece,M,GRE,2019,Super League Greece,2,Sun,2018-09-02,19:15,Panionios,0,PAOK,1,3299,Stadio Néas Smírnis,Anastasios Papapetrou,,https://fbref.com/en/matches/933a5071/Panionios-PAOK-September-2-2018-Super-League-Greece
Super League Greece,M,GRE,2019,Super League Greece,2,Sun,2018-09-02,19:15,Aris,2,Larissa,0,11671,Stadio Harilaou Kleánthis Vikelídis,Georgios Tzovaras,,https://fbref.com/en/matches/5967b11a/Aris-Larissa-September-2-2018-Super-League-Greece
Super League Greece,M,GRE,2019,Super League Greece,2,Sun,2018-09-02,21:30,Olympiacos,5,PAS Giannina,0,19678,Stadio Georgios Karaiskáki,Fotios Fotiadis,,https://fbref.com/en/matches/86ea0f8f/Olympiacos-PAS-Giannina-September-2-2018-Super-League-Greece
Super League Greece,M,GRE,2019,Super League Greece,2,Mon,2018-09-03,21:30,Levadiakos,1,Apollon Smyrnis,0,698,Stadio Levadias,Evangelos Manouhos,,https://fbref.com/en/matches/b1942061/Levadiakos-Apollon-Smyrnis-September-3-2018-Super-League-Greece
Super League Greece,M,GRE,2019,Super League Greece,2,Mon,2018-09-03,21:30,Panetolikos,2,OFI Crete,1,2344,Olympiako Stadio Spyros Louis,Evangelos Gratsanis,,https://fbref.com/en/matches/b1590059/Panetolikos-OFI-Crete-September-3-2018-Super-League-Greece
Super League Greece,M,GRE,2019,Super League Greece,20,Sat,2019-02-09,17:15,Panionios,0,Apollon Smyrnis,1,1126,Stadio Néas Smírnis,Evangelos Gratsanis,,https://fbref.com/en/matches/3374c32b/Panionios-Apollon-Smyrnis-February-9-2019-Super-League-Greece
Super League Greece,M,GRE,2019,Super League Greece,20,Sat,2019-02-09,19:00,Xanthi,0,PAS Lamia,0,806,Xanthi FC Arena,Giorgos Labrou,,https://fbref.com/en/matches/cf7bfdfe/Xanthi-PAS-Lamia-February-9-2019-Super-League-Greece
Super League Greece,M,GRE,2019,Super League Greece,20,Sat,2019-02-09,19:30,PAS Giannina,1,Panathinaikos,0,3564,Stadio Zosimades,Georgios Kominis,,https://fbref.com/en/matches/1dba8cf7/PAS-Giannina-Panathinaikos-February-9-2019-Super-League-Greece
Super League Greece,M,GRE,2019,Super League Greece,20,Sun,2019-02-10,15:00,AEK Athens,1,OFI Crete,0,7580,Olympiako Stadio Spyros Louis,Giorgos Vreskas,,https://fbref.com/en/matches/3e2fe9ef/AEK-Athens-OFI-Crete-February-10-2019-Super-League-Greece
Super League Greece,M,GRE,2019,Super League Greece,20,Sun,2019-02-10,19:00,Atromitos,1,Levadiakos,0,435,Stadio Peristeriou,Georgios Tzovaras,,https://fbref.com/en/matches/41e498ed/Atromitos-Levadiakos-February-10-2019-Super-League-Greece
Super League Greece,M,GRE,2019,Super League Greece,20,Sun,2019-02-10,19:30,PAOK,3,Olympiacos,1,25097,Stadio Toumbas,Jesús Gil,,https://fbref.com/en/matches/fd711361/PAOK-Olympiacos-February-10-2019-Super-League-Greece
Super League Greece,M,GRE,2019,Super League Greece,20,Mon,2019-02-11,19:00,Panetolikos,2,Larissa,2,1919,Stadio Panetolikou,Vasilis Fotias,,https://fbref.com/en/matches/9243a1f3/Panetolikos-Larissa-February-11-2019-Super-League-Greece
Super League Greece,M,GRE,2019,Super League Greece,20,Mon,2019-02-11,19:30,Asteras Tripoli,0,Aris,3,1471,Stadio Theodoros Kolokotronis,Evangelos Manouhos,,https://fbref.com/en/matches/822c9949/Asteras-Tripoli-Aris-February-11-2019-Super-League-Greece
Super League Greece,M,GRE,2019,Super League Greece,21,Sat,2019-02-16,19:00,Panathinaikos,1,Asteras Tripoli,0,2058,Olympiako Stadio Spyros Louis,Giorgos Tassis,,https://fbref.com/en/matches/b75899b8/Panathinaikos-Asteras-Tripoli-February-16-2019-Super-League-Greece
Super League Greece,M,GRE,2019,Super League Greece,21,Sat,2019-02-16,19:30,PAS Giannina,0,Atromitos,2,2272,Stadio Zosimades,Athanasios Sezos,,https://fbref.com/en/matches/ba927d51/PAS-Giannina-Atromitos-February-16-2019-Super-League-Greece
Super League Greece,M,GRE,2019,Super League Greece,21,Sun,2019-02-17,15:00,Larissa,1,Xanthi,1,2133,AEL Arena,Manolis Skoulas,,https://fbref.com/en/matches/2b3bb72a/Larissa-Xanthi-February-17-2019-Super-League-Greece
Super League Greece,M,GRE,2019,Super League Greece,21,Sun,2019-02-17,17:15,Levadiakos,1,Panetolikos,0,1085,Stadio Levadias,Anastasios Papapetrou,,https://fbref.com/en/matches/121056b7/Levadiakos-Panetolikos-February-17-2019-Super-League-Greece
Super League Greece,M,GRE,2019,Super League Greece,21,Sun,2019-02-17,18:00,Aris,1,Panionios,1,9408,Stadio Harilaou Kleánthis Vikelídis,Aristomenis Koutsiaftis,,https://fbref.com/en/matches/b27904f2/Aris-Panionios-February-17-2019-Super-League-Greece
Super League Greece,M,GRE,2019,Super League Greece,21,Sun,2019-02-17,19:30,Olympiacos,4,AEK Athens,1,29010,Stadio Georgios Karaiskáki,Tobias Stieler,,https://fbref.com/en/matches/2179d23b/Olympiacos-AEK-Athens-February-17-2019-Super-League-Greece
Super League Greece,M,GRE,2019,Super League Greece,21,Mon,2019-02-18,19:00,Apollon Smyrnis,1,PAOK,5,1228,Stadio Georgios Kamaras,Angelos Evangelo u,,https://fbref.com/en/matches/12d0a3a1/Apollon-Smyrnis-PAOK-February-18-2019-Super-League-Greece
Super League Greece,M,GRE,2019,Super League Greece,21,Mon,2019-02-18,19:30,OFI Crete,1,PAS Lamia,3,3084,Stadio Thódoros Vardinoyánnis,Praxiteles Zachariadis,,https://fbref.com/en/matches/4ef78173/OFI-Crete-PAS-Lamia-February-18-2019-Super-League-Greece
Super League Greece,M,GRE,2019,Super League Greece,22,Sat,2019-02-23,17:15,Asteras Tripoli,1,Atromitos,1,787,Stadio Theodoros Kolokotronis,Konstantinos Kotsanis,,https://fbref.com/en/matches/1a4115d1/Asteras-Tripoli-Atromitos-February-23-2019-Super-League-Greece
Super League Greece,M,GRE,2019,Super League Greece,22,Sat,2019-02-23,19:30,AEK Athens,2,Apollon Smyrnis,1,1594,Olympiako Stadio Spyros Louis,Fotios Fotiadis,,https://fbref.com/en/matches/8bb20026/AEK-Athens-Apollon-Smyrnis-February-23-2019-Super-League-Greece
Super League Greece,M,GRE,2019,Super League Greece,22,Sun,2019-02-24,15:00,Panionios,2,Panathinaikos,0,1227,Stadio Néas Smírnis,Stefanos Koubarakis,,https://fbref.com/en/matches/6dbf9e44/Panionios-Panathinaikos-February-24-2019-Super-League-Greece
Super League Greece,M,GRE,2019,Super League Greece,22,Sun,2019-02-24,16:00,Xanthi,0,Levadiakos,1,188,Xanthi FC Arena,Ioannis Papadopoulos,,https://fbref.com/en/matches/98496d38/Xanthi-Levadiakos-February-24-2019-Super-League-Greece
Super League Greece,M,GRE,2019,Super League Greece,22,Sun,2019-02-24,19:00,PAS Lamia,2,Larissa,1,888,Dimotiko Athlitiko Kentro Lamias,Evangelos Manouhos,,https://fbref.com/en/matches/19f4f673/PAS-Lamia-Larissa-February-24-2019-Super-League-Greece
Super League Greece,M,GRE,2019,Super League Greece,22,Sun,2019-02-24,19:30,PAOK,1,Aris,1,22544,Stadio Toumbas,Tore Hansen,,https://fbref.com/en/matches/4884659d/PAOK-Aris-February-24-2019-Super-League-Greece
Super League Greece,M,GRE,2019,Super League Greece,22,Mon,2019-02-25,17:15,Olympiacos,5,OFI Crete,1,12012,Stadio Georgios Karaiskáki,Vasilis Fotias,,https://fbref.com/en/matches/dd64adf5/Olympiacos-OFI-Crete-February-25-2019-Super-League-Greece
Super League Greece,M,GRE,2019,Super League Greece,22,Mon,2019-02-25,19:00,Panetolikos,1,PAS Giannina,0,1647,Stadio Panetolikou,Aristotelis Diamantopoulos,,https://fbref.com/en/matches/9f6040eb/Panetolikos-PAS-Giannina-February-25-2019-Super-League-Greece
Super League Greece,M,GRE,2019,Super League Greece,23,Sat,2019-03-02,19:00,Aris,2,AEK Athens,0,9668,Stadio Harilaou Kleánthis Vikelídis,Aristotelis Diamantopoulos,,https://fbref.com/en/matches/5af6f1b5/Aris-AEK-Athens-March-2-2019-Super-League-Greece
Super League Greece,M,GRE,2019,Super League Greece,23,Sat,2019-03-02,19:30,PAS Giannina,0,Xanthi,0,2079,Stadio Zosimades,Evangelos Gratsanis,,https://fbref.com/en/matches/b5365041/PAS-Giannina-Xanthi-March-2-2019-Super-League-Greece
Super League Greece,M,GRE,2019,Super League Greece,23,Sun,2019-03-03,15:00,OFI Crete,0,Larissa,0,2816,Stadio Thódoros Vardinoyánnis,Angelos Evangelo u,,https://fbref.com/en/matches/96b029ec/OFI-Crete-Larissa-March-3-2019-Super-League-Greece
Super League Greece,M,GRE,2019,Super League Greece,23,Sun,2019-03-03,16:00,Atromitos,3,Panionios,0,812,Stadio Peristeriou,Praxiteles Zachariadis,,https://fbref.com/en/matches/216ca21f/Atromitos-Panionios-March-3-2019-Super-League-Greece
Super League Greece,M,GRE,2019,Super League Greece,23,Sun,2019-03-03,17:15,Levadiakos,1,PAS Lamia,1,1296,Stadio Levadias,Giorgos Tassis,,https://fbref.com/en/matches/8bb1c6e5/Levadiakos-PAS-Lamia-March-3-2019-Super-League-Greece
Super League Greece,M,GRE,2019,Super League Greece,23,Sun,2019-03-03,19:00,Panathinaikos,0,PAOK,2,9453,Olympiako Stadio Spyros Louis,Jakob Kehlet,,https://fbref.com/en/matches/9c1cf1d0/Panathinaikos-PAOK-March-3-2019-Super-League-Greece
Super League Greece,M,GRE,2019,Super League Greece,23,Sun,2019-03-03,19:30,Asteras Tripoli,3,Panetolikos,0,1401,Stadio Theodoros Kolokotronis,Georgios Kominis,,https://fbref.com/en/matches/1a8c40df/Asteras-Tripoli-Panetolikos-March-3-2019-Super-League-Greece
Super League Greece,M,GRE,2019,Super League Greece,23,Mon,2019-03-04,19:00,Apollon Smyrnis,0,Olympiacos,2,1046,Stadio Georgios Kamaras,Athanasios Sezos,,https://fbref.com/en/matches/f93202f6/Apollon-Smyrnis-Olympiacos-March-4-2019-Super-League-Greece
Super League Greece,M,GRE,2019,Super League Greece,24,Sat,2019-03-09,16:00,Xanthi,0,Asteras Tripoli,0,884,Xanthi FC Arena,Georgios Tzovaras,,https://fbref.com/en/matches/3db1e02d/Xanthi-Asteras-Tripoli-March-9-2019-Super-League-Greece
Super League Greece,M,GRE,2019,Super League Greece,24,Sat,2019-03-09,19:30,AEK Athens,0,Panathinaikos,0,10145,Olympiako Stadio Spyros Louis,Tobias Welz,,https://fbref.com/en/matches/087ec4a6/AEK-Athens-Panathinaikos-March-9-2019-Super-League-Greece
Super League Greece,M,GRE,2019,Super League Greece,24,Sun,2019-03-10,15:00,Larissa,2,Levadiakos,0,1989,AEL Arena,Giorgos Vreskas,,https://fbref.com/en/matches/42c3c96f/Larissa-Levadiakos-March-10-2019-Super-League-Greece
Super League Greece,M,GRE,2019,Super League Greece,24,Sun,2019-03-10,16:00,Apollon Smyrnis,0,OFI Crete,0,505,Stadio Georgios Kamaras,Konstantinos Kotsanis,,https://fbref.com/en/matches/d6c2008e/Apollon-Smyrnis-OFI-Crete-March-10-2019-Super-League-Greece
Super League Greece,M,GRE,2019,Super League Greece,24,Sun,2019-03-10,17:15,PAOK,3,Atromitos,0,19941,Stadio Toumbas,Əliyar Ağayev,,https://fbref.com/en/matches/34fb0757/PAOK-Atromitos-March-10-2019-Super-League-Greece
Super League Greece,M,GRE,2019,Super League Greece,24,Sun,2019-03-10,19:00,PAS Lamia,1,PAS Giannina,1,2103,Dimotiko Athlitiko Kentro Lamias,Anastasios Papapetrou,,https://fbref.com/en/matches/43e90533/PAS-Lamia-PAS-Giannina-March-10-2019-Super-League-Greece
Super League Greece,M,GRE,2019,Super League Greece,24,Sun,2019-03-10,19:30,Olympiacos,4,Aris,1,19172,Stadio Georgios Karaiskáki,Tasos Sidiropoulos,,https://fbref.com/en/matches/ea9f0581/Olympiacos-Aris-March-10-2019-Super-League-Greece
Super League Greece,M,GRE,2019,Super League Greece,24,Mon,2019-03-11,19:00,Panetolikos,5,Panionios,0,1976,Stadio Panetolikou,Evangelos Manouhos,,https://fbref.com/en/matches/a25918b9/Panetolikos-Panionios-March-11-2019-Super-League-Greece
Super League Greece,M,GRE,2019,Super League Greece,25,Sat,2019-03-16,17:15,Asteras Tripoli,0,PAS Lamia,0,1394,Stadio Theodoros Kolokotronis,Ioannis Papadopoulos,,https://fbref.com/en/matches/0d6d2d99/Asteras-Tripoli-PAS-Lamia-March-16-2019-Super-League-Greece
Super League Greece,M,GRE,2019,Super League Greece,25,Sat,2019-03-16,19:00,Panetolikos,1,PAOK,2,3520,Stadio Panetolikou,Alexandros Tsamouris,,https://fbref.com/en/matches/6dad2758/Panetolikos-PAOK-March-16-2019-Super-League-Greece
Super League Greece,M,GRE,2019,Super League Greece,25,Sat,2019-03-16,19:30,PAS Giannina,0,Larissa,0,2435,Stadio Zosimades,Tasos Sidiropoulos,,https://fbref.com/en/matches/76b781e3/PAS-Giannina-Larissa-March-16-2019-Super-League-Greece
Super League Greece,M,GRE,2019,Super League Greece,25,Sun,2019-03-17,15:00,OFI Crete,2,Levadiakos,0,3052,Stadio Thódoros Vardinoyánnis,Aristotelis Diamantopoulos,,https://fbref.com/en/matches/2b1d2898/OFI-Crete-Levadiakos-March-17-2019-Super-League-Greece
Super League Greece,M,GRE,2019,Super League Greece,25,Sun,2019-03-17,16:00,Atromitos,0,AEK Athens,1,907,Stadio Peristeriou,Srđan Jovanović,,https://fbref.com/en/matches/09070904/Atromitos-AEK-Athens-March-17-2019-Super-League-Greece
Super League Greece,M,GRE,2019,Super League Greece,25,Sun,2019-03-17,19:00,Panathinaikos,0,Olympiacos,3,NA,Olympiako Stadio Spyros Louis,Marco Fritz,Match awarded to Olympiacos,https://fbref.com/en/matches/7a935b3c/Panathinaikos-Olympiacos-March-17-2019-Super-League-Greece
Super League Greece,M,GRE,2019,Super League Greece,25,Sun,2019-03-17,19:30,Panionios,1,Xanthi,0,1044,Stadio Néas Smírnis,Georgios Kominis,,https://fbref.com/en/matches/059eb10c/Panionios-Xanthi-March-17-2019-Super-League-Greece
Super League Greece,M,GRE,2019,Super League Greece,25,Mon,2019-03-18,19:00,Aris,5,Apollon Smyrnis,0,7032,Stadio Harilaou Kleánthis Vikelídis,Giorgos Labrou,,https://fbref.com/en/matches/fbd92318/Aris-Apollon-Smyrnis-March-18-2019-Super-League-Greece
Super League Greece,M,GRE,2019,Super League Greece,26,Sat,2019-03-30,17:15,Levadiakos,0,PAS Giannina,2,1184,Stadio Levadias,Tasos Sidiropoulos,,https://fbref.com/en/matches/776f4dbf/Levadiakos-PAS-Giannina-March-30-2019-Super-League-Greece
Super League Greece,M,GRE,2019,Super League Greece,26,Sat,2019-03-30,19:00,PAS Lamia,1,Panionios,0,1916,Dimotiko Athlitiko Kentro Lamias,Aristomenis Koutsiaftis,,https://fbref.com/en/matches/bfbdbd87/PAS-Lamia-Panionios-March-30-2019-Super-League-Greece
Super League Greece,M,GRE,2019,Super League Greece,26,Sat,2019-03-30,19:30,Larissa,2,Asteras Tripoli,1,2376,AEL Arena,Anastasios Papapetrou,,https://fbref.com/en/matches/8bfffef1/Larissa-Asteras-Tripoli-March-30-2019-Super-League-Greece
Super League Greece,M,GRE,2019,Super League Greece,26,Sun,2019-03-31,16:00,Aris,3,OFI Crete,1,9283,Stadio Harilaou Kleánthis Vikelídis,Athanasios Sezos,,https://fbref.com/en/matches/04438538/Aris-OFI-Crete-March-31-2019-Super-League-Greece
Super League Greece,M,GRE,2019,Super League Greece,26,Sun,2019-03-31,17:15,AEK Athens,4,Panetolikos,0,5258,Olympiako Stadio Spyros Louis,Vasilis Fotias,,https://fbref.com/en/matches/a4cb88d3/AEK-Athens-Panetolikos-March-31-2019-Super-League-Greece
Super League Greece,M,GRE,2019,Super League Greece,26,Sun,2019-03-31,19:00,Xanthi,1,PAOK,2,6558,Xanthi FC Arena,Angelos Evangelo u,,https://fbref.com/en/matches/9898b04e/Xanthi-PAOK-March-31-2019-Super-League-Greece
Super League Greece,M,GRE,2019,Super League Greece,26,Sun,2019-03-31,19:30,Olympiacos,2,Atromitos,1,24670,Stadio Georgios Karaiskáki,Mattias Gestranius,,https://fbref.com/en/matches/f2688195/Olympiacos-Atromitos-March-31-2019-Super-League-Greece
Super League Greece,M,GRE,2019,Super League Greece,26,Mon,2019-04-01,19:00,Apollon Smyrnis,1,Panathinaikos,3,609,Stadio Georgios Kamaras,Fotios Fotiadis,,https://fbref.com/en/matches/d9a0dd2b/Apollon-Smyrnis-Panathinaikos-April-1-2019-Super-League-Greece
Super League Greece,M,GRE,2019,Super League Greece,27,Sat,2019-04-06,17:15,OFI Crete,1,PAS Giannina,0,3469,Stadio Thódoros Vardinoyánnis,Georgios Kominis,,https://fbref.com/en/matches/0ae8aaa6/OFI-Crete-PAS-Giannina-April-6-2019-Super-League-Greece
Super League Greece,M,GRE,2019,Super League Greece,27,Sat,2019-04-06,19:00,Panathinaikos,2,Aris,0,NA,Olympiako Stadio Spyros Louis,Manolis Skoulas,,https://fbref.com/en/matches/e13b9883/Panathinaikos-Aris-April-6-2019-Super-League-Greece
Super League Greece,M,GRE,2019,Super League Greece,27,Sat,2019-04-06,19:30,Panionios,1,Larissa,0,896,Stadio Néas Smírnis,Konstantinos Kotsanis,,https://fbref.com/en/matches/c4e97082/Panionios-Larissa-April-6-2019-Super-League-Greece
Super League Greece,M,GRE,2019,Super League Greece,27,Sun,2019-04-07,16:00,Xanthi,1,AEK Athens,3,2166,Xanthi FC Arena,Aristotelis Diamantopoulos,,https://fbref.com/en/matches/edbc1d3e/Xanthi-AEK-Athens-April-7-2019-Super-League-Greece
Super League Greece,M,GRE,2019,Super League Greece,27,Sun,2019-04-07,17:15,Asteras Tripoli,0,Levadiakos,0,1429,Stadio Theodoros Kolokotronis,Praxiteles Zachariadis,,https://fbref.com/en/matches/20d513d0/Asteras-Tripoli-Levadiakos-April-7-2019-Super-League-Greece
Super League Greece,M,GRE,2019,Super League Greece,27,Sun,2019-04-07,19:00,Panetolikos,0,Olympiacos,5,3429,Stadio Panetolikou,Georgios Tzovaras,,https://fbref.com/en/matches/97d78b5b/Panetolikos-Olympiacos-April-7-2019-Super-League-Greece
Super League Greece,M,GRE,2019,Super League Greece,27,Sun,2019-04-07,19:30,PAOK,3,PAS Lamia,0,22125,Stadio Toumbas,Giorgos Tassis,,https://fbref.com/en/matches/45dc73b3/PAOK-PAS-Lamia-April-7-2019-Super-League-Greece
Super League Greece,M,GRE,2019,Super League Greece,27,Mon,2019-04-08,19:00,Atromitos,1,Apollon Smyrnis,0,292,Stadio Peristeriou,Athanassios Tzilos,,https://fbref.com/en/matches/c126bf8e/Atromitos-Apollon-Smyrnis-April-8-2019-Super-League-Greece
Super League Greece,M,GRE,2019,Super League Greece,28,Sun,2019-04-14,19:00,Levadiakos,1,Panionios,2,1356,Stadio Levadias,Evangelos Manouhos,,https://fbref.com/en/matches/2acae211/Levadiakos-Panionios-April-14-2019-Super-League-Greece
Super League Greece,M,GRE,2019,Super League Greece,28,Sun,2019-04-14,19:00,Panathinaikos,1,OFI Crete,3,NA,Olympiako Stadio Spyros Louis,Aristomenis Koutsiaftis,,https://fbref.com/en/matches/f38076ad/Panathinaikos-OFI-Crete-April-14-2019-Super-League-Greece
Super League Greece,M,GRE,2019,Super League Greece,28,Sun,2019-04-14,19:00,Larissa,1,PAOK,1,4082,AEL Arena,Vasilis Fotias,,https://fbref.com/en/matches/83673868/Larissa-PAOK-April-14-2019-Super-League-Greece
Super League Greece,M,GRE,2019,Super League Greece,28,Sun,2019-04-14,19:00,Aris,0,Atromitos,2,8139,Stadio Harilaou Kleánthis Vikelídis,Aristotelis Diamantopoulos,,https://fbref.com/en/matches/0d2252dc/Aris-Atromitos-April-14-2019-Super-League-Greece
Super League Greece,M,GRE,2019,Super League Greece,28,Sun,2019-04-14,19:00,PAS Lamia,2,AEK Athens,2,2459,Dimotiko Athlitiko Kentro Lamias,Manolis Skoulas,,https://fbref.com/en/matches/9a2c6fcc/PAS-Lamia-AEK-Athens-April-14-2019-Super-League-Greece
Super League Greece,M,GRE,2019,Super League Greece,28,Sun,2019-04-14,19:00,Olympiacos,4,Xanthi,0,27614,Stadio Georgios Karaiskáki,Stefanos Koubarakis,,https://fbref.com/en/matches/9a841cc6/Olympiacos-Xanthi-April-14-2019-Super-League-Greece
Super League Greece,M,GRE,2019,Super League Greece,28,Sun,2019-04-14,19:00,PAS Giannina,0,Asteras Tripoli,0,3239,Stadio Zosimades,Ioannis Papadopoulos,,https://fbref.com/en/matches/1436b82b/PAS-Giannina-Asteras-Tripoli-April-14-2019-Super-League-Greece
Super League Greece,M,GRE,2019,Super League Greece,28,Sun,2019-04-14,19:00,Apollon Smyrnis,0,Panetolikos,1,346,Stadio Georgios Kamaras,Evangelos Gratsanis,,https://fbref.com/en/matches/ad261b85/Apollon-Smyrnis-Panetolikos-April-14-2019-Super-League-Greece
Super League Greece,M,GRE,2019,Super League Greece,29,Sun,2019-04-21,19:00,Atromitos,2,Panathinaikos,0,799,Stadio Peristeriou,Angelos Evangelo u,,https://fbref.com/en/matches/b87117b9/Atromitos-Panathinaikos-April-21-2019-Super-League-Greece
Super League Greece,M,GRE,2019,Super League Greece,29,Sun,2019-04-21,19:00,Xanthi,2,Apollon Smyrnis,0,851,Xanthi FC Arena,Alexandros Tsamouris,,https://fbref.com/en/matches/6752aadd/Xanthi-Apollon-Smyrnis-April-21-2019-Super-League-Greece
Super League Greece,M,GRE,2019,Super League Greece,29,Sun,2019-04-21,19:00,AEK Athens,0,Larissa,1,6556,Olympiako Stadio Spyros Louis,Praxiteles Zachariadis,,https://fbref.com/en/matches/d90ee931/AEK-Athens-Larissa-April-21-2019-Super-League-Greece
Super League Greece,M,GRE,2019,Super League Greece,29,Sun,2019-04-21,19:00,PAOK,5,Levadiakos,0,26007,Stadio Toumbas,Athanassios Tzilos,,https://fbref.com/en/matches/f0534744/PAOK-Levadiakos-April-21-2019-Super-League-Greece
Super League Greece,M,GRE,2019,Super League Greece,29,Sun,2019-04-21,19:00,PAS Lamia,1,Olympiacos,3,3315,Dimotiko Athlitiko Kentro Lamias,Georgios Kominis,,https://fbref.com/en/matches/7ce4da29/PAS-Lamia-Olympiacos-April-21-2019-Super-League-Greece
Super League Greece,M,GRE,2019,Super League Greece,29,Sun,2019-04-21,19:00,OFI Crete,1,Asteras Tripoli,1,5867,Stadio Thódoros Vardinoyánnis,Manolis Skoulas,,https://fbref.com/en/matches/96cca84c/OFI-Crete-Asteras-Tripoli-April-21-2019-Super-League-Greece
Super League Greece,M,GRE,2019,Super League Greece,29,Sun,2019-04-21,19:00,Panetolikos,1,Aris,2,2476,Stadio Panetolikou,Fotios Fotiadis,,https://fbref.com/en/matches/14691cbc/Panetolikos-Aris-April-21-2019-Super-League-Greece
Super League Greece,M,GRE,2019,Super League Greece,29,Sun,2019-04-21,19:00,Panionios,2,PAS Giannina,1,1350,Stadio Néas Smírnis,Anastasios Papapetrou,,https://fbref.com/en/matches/8bc4e483/Panionios-PAS-Giannina-April-21-2019-Super-League-Greece
Super League Greece,M,GRE,2019,Super League Greece,3,Sat,2018-09-15,18:15,OFI Crete,1,PAOK,3,5186,Stadio Thódoros Vardinoyánnis,Aristotelis Diamantopoulos,,https://fbref.com/en/matches/86078424/OFI-Crete-PAOK-September-15-2018-Super-League-Greece
Super League Greece,M,GRE,2019,Super League Greece,3,Sat,2018-09-15,19:00,Apollon Smyrnis,1,PAS Giannina,2,837,Stadio Georgios Kamaras,Giorgos Labrou,,https://fbref.com/en/matches/a2b23334/Apollon-Smyrnis-PAS-Giannina-September-15-2018-Super-League-Greece
Super League Greece,M,GRE,2019,Super League Greece,3,Sat,2018-09-15,20:30,AEK Athens,4,Panionios,0,10433,Olympiako Stadio Spyros Louis,Angelos Evangelo u,,https://fbref.com/en/matches/a322ff6e/AEK-Athens-Panionios-September-15-2018-Super-League-Greece
Super League Greece,M,GRE,2019,Super League Greece,3,Sun,2018-09-16,17:00,Xanthi,1,Panetolikos,1,1064,Xanthi FC Arena,Konstantinos Konstantios,,https://fbref.com/en/matches/48f9ce3e/Xanthi-Panetolikos-September-16-2018-Super-League-Greece
Super League Greece,M,GRE,2019,Super League Greece,3,Sun,2018-09-16,18:15,Larissa,1,Panathinaikos,3,3646,AEL Arena,Georgios Kominis,,https://fbref.com/en/matches/57501789/Larissa-Panathinaikos-September-16-2018-Super-League-Greece
Super League Greece,M,GRE,2019,Super League Greece,3,Sun,2018-09-16,20:00,Atromitos,1,PAS Lamia,0,635,Stadio Peristeriou,Praxiteles Zachariadis,,https://fbref.com/en/matches/09c9eeec/Atromitos-PAS-Lamia-September-16-2018-Super-League-Greece
Super League Greece,M,GRE,2019,Super League Greece,3,Sun,2018-09-16,20:30,Olympiacos,2,Asteras Tripoli,1,22800,Stadio Georgios Karaiskáki,Athanassios Tzilos,,https://fbref.com/en/matches/a87c2f83/Olympiacos-Asteras-Tripoli-September-16-2018-Super-League-Greece
Super League Greece,M,GRE,2019,Super League Greece,3,Mon,2018-09-17,19:00,Aris,2,Levadiakos,0,13904,Stadio Harilaou Kleánthis Vikelídis,Giorgos Tassis,,https://fbref.com/en/matches/bdb7fb81/Aris-Levadiakos-September-17-2018-Super-League-Greece
Super League Greece,M,GRE,2019,Super League Greece,30,Sat,2019-05-04,19:00,Apollon Smyrnis,0,PAS Lamia,3,219,Stadio Georgios Kamaras,Giorgos Vreskas,,https://fbref.com/en/matches/3df22a7a/Apollon-Smyrnis-PAS-Lamia-May-4-2019-Super-League-Greece
Super League Greece,M,GRE,2019,Super League Greece,30,Sun,2019-05-05,16:00,Panathinaikos,4,Panetolikos,0,1475,Olympiako Stadio Spyros Louis,Athanassios Tzilos,,https://fbref.com/en/matches/8e1da261/Panathinaikos-Panetolikos-May-5-2019-Super-League-Greece
Super League Greece,M,GRE,2019,Super League Greece,30,Sun,2019-05-05,19:00,Aris,7,Xanthi,2,6856,Stadio Harilaou Kleánthis Vikelídis,Giorgos Tassis,,https://fbref.com/en/matches/c009cef2/Aris-Xanthi-May-5-2019-Super-League-Greece
Super League Greece,M,GRE,2019,Super League Greece,30,Sun,2019-05-05,19:00,PAS Giannina,0,PAOK,2,2802,Stadio Zosimades,,,https://fbref.com/en/matches/e4ebccb3/PAS-Giannina-PAOK-May-5-2019-Super-League-Greece
Super League Greece,M,GRE,2019,Super League Greece,30,Sun,2019-05-05,19:00,Larissa,0,Olympiacos,3,3101,AEL Arena,Evangelos Manouhos,,https://fbref.com/en/matches/0bc948f6/Larissa-Olympiacos-May-5-2019-Super-League-Greece
Super League Greece,M,GRE,2019,Super League Greece,30,Sun,2019-05-05,19:00,Atromitos,0,OFI Crete,2,669,Stadio Peristeriou,Praxiteles Zachariadis,,https://fbref.com/en/matches/27444983/Atromitos-OFI-Crete-May-5-2019-Super-League-Greece
Super League Greece,M,GRE,2019,Super League Greece,30,Sun,2019-05-05,19:00,Asteras Tripoli,3,Panionios,0,2184,Stadio Theodoros Kolokotronis,Georgios Tzovaras,,https://fbref.com/en/matches/2fbb1069/Asteras-Tripoli-Panionios-May-5-2019-Super-League-Greece
Super League Greece,M,GRE,2019,Super League Greece,30,Sun,2019-05-05,19:00,Levadiakos,0,AEK Athens,3,1468,Stadio Levadias,Efstathios Gortsilas,,https://fbref.com/en/matches/d269c10d/Levadiakos-AEK-Athens-May-5-2019-Super-League-Greece
Super League Greece,M,GRE,2019,Super League Greece,4,Sat,2018-09-22,18:15,Asteras Tripoli,2,Apollon Smyrnis,0,1428,Stadio Theodoros Kolokotronis,Athanasios Sezos,,https://fbref.com/en/matches/d1ae024d/Asteras-Tripoli-Apollon-Smyrnis-September-22-2018-Super-League-Greece
Super League Greece,M,GRE,2019,Super League Greece,4,Sat,2018-09-22,19:00,Atromitos,2,Larissa,0,587,Stadio Peristeriou,Giorgos Vreskas,,https://fbref.com/en/matches/3294dfa4/Atromitos-Larissa-September-22-2018-Super-League-Greece
Super League Greece,M,GRE,2019,Super League Greece,4,Sat,2018-09-22,20:30,PAS Giannina,1,Aris,0,2924,Stadio Zosimades,Evangelos Gratsanis,,https://fbref.com/en/matches/f8a8b9c3/PAS-Giannina-Aris-September-22-2018-Super-League-Greece
Super League Greece,M,GRE,2019,Super League Greece,4,Sun,2018-09-23,16:00,Xanthi,3,OFI Crete,0,1057,Xanthi FC Arena,Anastasios Papapetrou,,https://fbref.com/en/matches/e6fda0cc/Xanthi-OFI-Crete-September-23-2018-Super-League-Greece
Super League Greece,M,GRE,2019,Super League Greece,4,Sun,2018-09-23,19:00,Panathinaikos,3,Levadiakos,0,12881,Olympiako Stadio Spyros Louis,Georgios Tzovaras,,https://fbref.com/en/matches/33a874c3/Panathinaikos-Levadiakos-September-23-2018-Super-League-Greece
Super League Greece,M,GRE,2019,Super League Greece,4,Sun,2018-09-23,20:30,PAOK,2,AEK Athens,0,23763,Stadio Toumbas,Mattias Gestranius,,https://fbref.com/en/matches/6019fa8a/PAOK-AEK-Athens-September-23-2018-Super-League-Greece
Super League Greece,M,GRE,2019,Super League Greece,4,Mon,2018-09-24,19:00,Panetolikos,2,PAS Lamia,2,1899,Stadio Panetolikou,Evangelos Manouhos,,https://fbref.com/en/matches/2cbbaf82/Panetolikos-PAS-Lamia-September-24-2018-Super-League-Greece
Super League Greece,M,GRE,2019,Super League Greece,4,Mon,2018-09-24,19:30,Panionios,0,Olympiacos,1,4414,Stadio Néas Smírnis,Manolis Skoulas,,https://fbref.com/en/matches/d58fe1b3/Panionios-Olympiacos-September-24-2018-Super-League-Greece
Super League Greece,M,GRE,2019,Super League Greece,5,Sat,2018-09-29,18:15,Larissa,1,Panetolikos,0,1637,AEL Arena,Aristomenis Koutsiaftis,,https://fbref.com/en/matches/2684737e/Larissa-Panetolikos-September-29-2018-Super-League-Greece
Super League Greece,M,GRE,2019,Super League Greece,5,Sat,2018-09-29,19:00,Panathinaikos,2,PAS Giannina,1,3810,Olympiako Stadio Spyros Louis,Athanassios Tzilos,,https://fbref.com/en/matches/c92dc93a/Panathinaikos-PAS-Giannina-September-29-2018-Super-League-Greece
Super League Greece,M,GRE,2019,Super League Greece,5,Sat,2018-09-29,20:30,OFI Crete,0,AEK Athens,3,4701,Stadio Thódoros Vardinoyánnis,Tasos Sidiropoulos,,https://fbref.com/en/matches/81c68d7d/OFI-Crete-AEK-Athens-September-29-2018-Super-League-Greece
Super League Greece,M,GRE,2019,Super League Greece,5,Sun,2018-09-30,16:00,Apollon Smyrnis,0,Panionios,2,536,Stadio Georgios Kamaras,Fotios Fotiadis,,https://fbref.com/en/matches/89982767/Apollon-Smyrnis-Panionios-September-30-2018-Super-League-Greece
Super League Greece,M,GRE,2019,Super League Greece,5,Sun,2018-09-30,18:15,Levadiakos,0,Atromitos,2,757,Stadio Levadias,Ioannis Papadopoulos,,https://fbref.com/en/matches/ba33ac19/Levadiakos-Atromitos-September-30-2018-Super-League-Greece
Super League Greece,M,GRE,2019,Super League Greece,5,Sun,2018-09-30,19:00,Aris,2,Asteras Tripoli,0,6327,Stadio Harilaou Kleánthis Vikelídis,Stefanos Koubarakis,,https://fbref.com/en/matches/f546cd4e/Aris-Asteras-Tripoli-September-30-2018-Super-League-Greece
Super League Greece,M,GRE,2019,Super League Greece,5,Sun,2018-09-30,20:30,Olympiacos,0,PAOK,1,20532,Stadio Georgios Karaiskáki,Fedayi San,,https://fbref.com/en/matches/fe948e46/Olympiacos-PAOK-September-30-2018-Super-League-Greece
Super League Greece,M,GRE,2019,Super League Greece,5,Mon,2018-10-01,19:00,PAS Lamia,0,Xanthi,0,1267,Dimotiko Athlitiko Kentro Lamias,Alexandros Tsamouris,,https://fbref.com/en/matches/2f05b220/PAS-Lamia-Xanthi-October-1-2018-Super-League-Greece
Super League Greece,M,GRE,2019,Super League Greece,6,Sat,2018-10-06,18:15,Panionios,1,Aris,0,2373,Stadio Néas Smírnis,Georgios Kominis,,https://fbref.com/en/matches/d5801a77/Panionios-Aris-October-6-2018-Super-League-Greece
Super League Greece,M,GRE,2019,Super League Greece,6,Sat,2018-10-06,19:00,Panetolikos,2,Levadiakos,1,2004,Stadio Panetolikou,Praxiteles Zachariadis,,https://fbref.com/en/matches/ed0973d5/Panetolikos-Levadiakos-October-6-2018-Super-League-Greece
Super League Greece,M,GRE,2019,Super League Greece,6,Sat,2018-10-06,20:30,Asteras Tripoli,1,Panathinaikos,1,4564,Stadio Theodoros Kolokotronis,Manolis Skoulas,,https://fbref.com/en/matches/1e8609f5/Asteras-Tripoli-Panathinaikos-October-6-2018-Super-League-Greece
Super League Greece,M,GRE,2019,Super League Greece,6,Sun,2018-10-07,16:00,PAS Lamia,1,OFI Crete,1,1711,Dimotiko Athlitiko Kentro Lamias,Angelos Evangelo u,,https://fbref.com/en/matches/55674e9d/PAS-Lamia-OFI-Crete-October-7-2018-Super-League-Greece
Super League Greece,M,GRE,2019,Super League Greece,6,Sun,2018-10-07,18:15,PAOK,2,Apollon Smyrnis,0,15918,Stadio Toumbas,Giorgos Tassis,,https://fbref.com/en/matches/129ac2a0/PAOK-Apollon-Smyrnis-October-7-2018-Super-League-Greece
Super League Greece,M,GRE,2019,Super League Greece,6,Sun,2018-10-07,19:00,Atromitos,1,PAS Giannina,0,631,Stadio Peristeriou,Konstantinos Kotsanis,,https://fbref.com/en/matches/779cdfea/Atromitos-PAS-Giannina-October-7-2018-Super-League-Greece
Super League Greece,M,GRE,2019,Super League Greece,6,Sun,2018-10-07,20:30,AEK Athens,1,Olympiacos,1,27419,Olympiako Stadio Spyros Louis,Mads-Kristoffer Kristoffersen,,https://fbref.com/en/matches/ead99dd3/AEK-Athens-Olympiacos-October-7-2018-Super-League-Greece
Super League Greece,M,GRE,2019,Super League Greece,6,Mon,2018-10-08,19:00,Xanthi,1,Larissa,0,1711,Xanthi FC Arena,Giorgos Labrou,,https://fbref.com/en/matches/e583211c/Xanthi-Larissa-October-8-2018-Super-League-Greece
Super League Greece,M,GRE,2019,Super League Greece,7,Sat,2018-10-20,16:00,Panathinaikos,1,Panionios,0,12636,Olympiako Stadio Spyros Louis,Aristotelis Diamantopoulos,,https://fbref.com/en/matches/95524404/Panathinaikos-Panionios-October-20-2018-Super-League-Greece
Super League Greece,M,GRE,2019,Super League Greece,7,Sat,2018-10-20,18:15,PAS Giannina,0,Panetolikos,2,2306,Stadio Zosimades,Vasilis Fotias,,https://fbref.com/en/matches/9db44b66/PAS-Giannina-Panetolikos-October-20-2018-Super-League-Greece
Super League Greece,M,GRE,2019,Super League Greece,7,Sat,2018-10-20,19:00,Apollon Smyrnis,0,AEK Athens,2,3002,Stadio Georgios Kamaras,Evangelos Gratsanis,,https://fbref.com/en/matches/6b4de70d/Apollon-Smyrnis-AEK-Athens-October-20-2018-Super-League-Greece
Super League Greece,M,GRE,2019,Super League Greece,7,Sat,2018-10-20,20:30,Larissa,1,PAS Lamia,2,3071,AEL Arena,Georgios Kominis,,https://fbref.com/en/matches/dbbb9926/Larissa-PAS-Lamia-October-20-2018-Super-League-Greece
Super League Greece,M,GRE,2019,Super League Greece,7,Sun,2018-10-21,18:15,Levadiakos,1,Xanthi,2,569,Stadio Levadias,Giorgos Vreskas,,https://fbref.com/en/matches/0cd1bb25/Levadiakos-Xanthi-October-21-2018-Super-League-Greece
Super League Greece,M,GRE,2019,Super League Greece,7,Sun,2018-10-21,19:00,Aris,1,PAOK,2,16434,Stadio Harilaou Kleánthis Vikelídis,Daniele Doveri,,https://fbref.com/en/matches/a0f3e0f2/Aris-PAOK-October-21-2018-Super-League-Greece
Super League Greece,M,GRE,2019,Super League Greece,7,Sun,2018-10-21,20:30,OFI Crete,1,Olympiacos,0,5463,Stadio Thódoros Vardinoyánnis,Athanasios Sezos,,https://fbref.com/en/matches/002a87d8/OFI-Crete-Olympiacos-October-21-2018-Super-League-Greece
Super League Greece,M,GRE,2019,Super League Greece,7,Mon,2018-10-22,19:00,Atromitos,3,Asteras Tripoli,2,754,Stadio Peristeriou,Alexandros Tsamouris,,https://fbref.com/en/matches/94e0cc91/Atromitos-Asteras-Tripoli-October-22-2018-Super-League-Greece
Super League Greece,M,GRE,2019,Super League Greece,8,Sat,2018-10-27,17:15,Larissa,0,OFI Crete,0,2708,AEL Arena,Anastasios Papapetrou,,https://fbref.com/en/matches/27e2c7a6/Larissa-OFI-Crete-October-27-2018-Super-League-Greece
Super League Greece,M,GRE,2019,Super League Greece,8,Sat,2018-10-27,19:00,PAS Lamia,3,Levadiakos,2,1633,Dimotiko Athlitiko Kentro Lamias,Aristomenis Koutsiaftis,,https://fbref.com/en/matches/9ba4ff04/PAS-Lamia-Levadiakos-October-27-2018-Super-League-Greece
Super League Greece,M,GRE,2019,Super League Greece,8,Sun,2018-10-28,17:15,Panionios,2,Atromitos,2,2140,Stadio Néas Smírnis,Tasos Sidiropoulos,,https://fbref.com/en/matches/cd8633b0/Panionios-Atromitos-October-28-2018-Super-League-Greece
Super League Greece,M,GRE,2019,Super League Greece,8,Sun,2018-10-28,19:00,Panetolikos,1,Asteras Tripoli,1,2213,Stadio Panetolikou,Fotios Fotiadis,,https://fbref.com/en/matches/6da7d556/Panetolikos-Asteras-Tripoli-October-28-2018-Super-League-Greece
Super League Greece,M,GRE,2019,Super League Greece,8,Sun,2018-10-28,19:30,AEK Athens,4,Aris,0,NA,Olympiako Stadio Spyros Louis,Athanassios Tzilos,,https://fbref.com/en/matches/6bb01575/AEK-Athens-Aris-October-28-2018-Super-League-Greece
Super League Greece,M,GRE,2019,Super League Greece,8,Mon,2018-10-29,19:00,Xanthi,2,PAS Giannina,1,965,Xanthi FC Arena,Evangelos Manouhos,,https://fbref.com/en/matches/79bcc78d/Xanthi-PAS-Giannina-October-29-2018-Super-League-Greece
Super League Greece,M,GRE,2019,Super League Greece,8,Mon,2018-10-29,19:30,Olympiacos,1,Apollon Smyrnis,0,13100,Stadio Georgios Karaiskáki,Praxiteles Zachariadis,,https://fbref.com/en/matches/cd29e42d/Olympiacos-Apollon-Smyrnis-October-29-2018-Super-League-Greece
Super League Greece,M,GRE,2019,Super League Greece,8,Mon,2018-10-29,21:30,PAOK,2,Panathinaikos,0,20389,Stadio Toumbas,Jens Maae,,https://fbref.com/en/matches/a5a33444/PAOK-Panathinaikos-October-29-2018-Super-League-Greece
Super League Greece,M,GRE,2019,Super League Greece,9,Sat,2018-11-03,16:00,Atromitos,1,PAOK,1,1635,Stadio Peristeriou,Athanassios Tzilos,,https://fbref.com/en/matches/5d1aa8f0/Atromitos-PAOK-November-3-2018-Super-League-Greece
Super League Greece,M,GRE,2019,Super League Greece,9,Sat,2018-11-03,17:15,Panionios,3,Panetolikos,0,1170,Stadio Néas Smírnis,Georgios Tzovaras,,https://fbref.com/en/matches/7bf32e51/Panionios-Panetolikos-November-3-2018-Super-League-Greece
Super League Greece,M,GRE,2019,Super League Greece,9,Sat,2018-11-03,19:00,Panathinaikos,0,AEK Athens,0,24731,Olympiako Stadio Spyros Louis,Oliver Drachta,,https://fbref.com/en/matches/93c3173a/Panathinaikos-AEK-Athens-November-3-2018-Super-League-Greece
Super League Greece,M,GRE,2019,Super League Greece,9,Sat,2018-11-03,19:30,Levadiakos,1,Larissa,1,1248,Stadio Levadias,Stefanos Koubarakis,,https://fbref.com/en/matches/2665a582/Levadiakos-Larissa-November-3-2018-Super-League-Greece
Super League Greece,M,GRE,2019,Super League Greece,9,Sun,2018-11-04,17:15,PAS Giannina,0,PAS Lamia,0,2772,Stadio Zosimades,Aristotelis Diamantopoulos,,https://fbref.com/en/matches/d0c3454c/PAS-Giannina-PAS-Lamia-November-4-2018-Super-League-Greece
Super League Greece,M,GRE,2019,Super League Greece,9,Sun,2018-11-04,19:00,Aris,0,Olympiacos,1,8243,Stadio Harilaou Kleánthis Vikelídis,Tasos Sidiropoulos,,https://fbref.com/en/matches/d904a962/Aris-Olympiacos-November-4-2018-Super-League-Greece
Super League Greece,M,GRE,2019,Super League Greece,9,Sun,2018-11-04,19:30,OFI Crete,0,Apollon Smyrnis,0,3488,Stadio Thódoros Vardinoyánnis,Vasilis Fotias,,https://fbref.com/en/matches/588f32bb/OFI-Crete-Apollon-Smyrnis-November-4-2018-Super-League-Greece
Super League Greece,M,GRE,2019,Super League Greece,9,Mon,2018-11-05,19:30,Asteras Tripoli,0,Xanthi,1,1224,Stadio Theodoros Kolokotronis,Ioannis Papadopoulos,,https://fbref.com/en/matches/7eab7dda/Asteras-Tripoli-Xanthi-November-5-2018-Super-League-Greece
Super League Greece,M,GRE,2019,Greek 1/2 Relegation/Promotion play-offs,NA,Sun,2019-05-19,21:30,Platanias,0,OFI Crete,0,NA,Dimotiko Stadio Perivolion,,Leg 1 of 2,https://fbref.com/en/matches/2b1d6065/Platanias-OFI-Crete-May-19-2019-Greek-12-RelegationPromotion-play-offs
Super League Greece,M,GRE,2019,Greek 1/2 Relegation/Promotion play-offs,NA,Wed,2019-05-22,19:00,OFI Crete,3,Platanias,2,NA,Stadio Thódoros Vardinoyánnis,,Leg 2 of 2; OFI Crete won,https://fbref.com/en/matches/f63cbdf5/OFI-Crete-Platanias-May-22-2019-Greek-12-RelegationPromotion-play-offs
