Competition_Name,Gender,Country,Season_End_Year,Round,Wk,Day,Date,Time,Home,HomeGoals,Home_xG,Away,AwayGoals,Away_xG,Attendance,Venue,Referee,Notes,MatchURL
Serie A,M,ITA,2019,NA,1,Sat,2018-08-18,18:00,Chievo,2,1.1,Juventus,3,3.1,29500,Stadio Marc'Antonio Bentegodi,Fabrizio Pasqua,NA,https://fbref.com/en/matches/2758c0c0/Chievo-Juventus-August-18-2018-Serie-A
Serie A,M,ITA,2019,NA,1,Sat,2018-08-18,20:30,Lazio,1,1,Napoli,2,1.4,32000,Stadio Olimpico,Luca Banti,NA,https://fbref.com/en/matches/34947288/Lazio-Napoli-August-18-2018-Serie-A
Serie A,M,ITA,2019,NA,1,Sun,2018-08-19,18:00,Torino,0,0.6,Roma,1,1.2,18000,Stadio Olimpico di Torino,Marco Di Bello,NA,https://fbref.com/en/matches/bf8bed12/Torino-Roma-August-19-2018-Serie-A
Serie A,M,ITA,2019,NA,1,Sun,2018-08-19,20:30,Parma,2,1.5,Udinese,2,1.9,13141,Stadio Ennio Tardini,Giampaolo Calvarese,NA,https://fbref.com/en/matches/52018b4a/Parma-Udinese-August-19-2018-Serie-A
Serie A,M,ITA,2019,NA,1,Sun,2018-08-19,20:30,Empoli,2,1.3,Cagliari,0,0.9,7335,Stadio Carlo Castellani,Daniele Chiffi,NA,https://fbref.com/en/matches/4df38742/Empoli-Cagliari-August-19-2018-Serie-A
Serie A,M,ITA,2019,NA,1,Sun,2018-08-19,20:30,Bologna,0,1,SPAL,1,0.6,21158,Stadio Renato Dall'Ara,Piero Giacomelli,NA,https://fbref.com/en/matches/76ad12fa/Bologna-SPAL-August-19-2018-Serie-A
Serie A,M,ITA,2019,NA,1,Sun,2018-08-19,20:30,Sassuolo,1,1.5,Inter,0,1.1,19104,Stadio Città del Tricolore,Maurizio Mariani,NA,https://fbref.com/en/matches/359379e6/Sassuolo-Internazionale-August-19-2018-Serie-A
Serie A,M,ITA,2019,NA,1,Mon,2018-08-20,20:30,Atalanta,4,2.2,Frosinone,0,0.3,18217,Stadio Atleti Azzurri d'Italia,Marco Piccinini,NA,https://fbref.com/en/matches/3c6aced5/Atalanta-Frosinone-August-20-2018-Serie-A
Serie A,M,ITA,2019,NA,1,Wed,2018-09-19,19:00,Sampdoria,1,0.5,Fiorentina,1,1.4,18334,Stadio Comunale Luigi Ferraris,Fabio Maresca,NA,https://fbref.com/en/matches/55a722ce/Sampdoria-Fiorentina-September-19-2018-Serie-A
Serie A,M,ITA,2019,NA,1,Wed,2018-10-31,20:30,Milan,2,1.4,Genoa,1,0.4,46720,Stadio Giuseppe Meazza,Fabrizio Pasqua,NA,https://fbref.com/en/matches/7a546b8c/Milan-Genoa-October-31-2018-Serie-A
Serie A,M,ITA,2019,NA,10,Sat,2018-10-27,15:00,Atalanta,3,3.3,Parma,0,0.9,18152,Stadio Atleti Azzurri d'Italia,Rosario Abisso,NA,https://fbref.com/en/matches/1048f3fb/Atalanta-Parma-October-27-2018-Serie-A
Serie A,M,ITA,2019,NA,10,Sat,2018-10-27,18:00,Empoli,1,0.3,Juventus,2,1.7,15889,Stadio Carlo Castellani,Giampaolo Calvarese,NA,https://fbref.com/en/matches/8fe69070/Empoli-Juventus-October-27-2018-Serie-A
Serie A,M,ITA,2019,NA,10,Sat,2018-10-27,20:30,Torino,1,0.9,Fiorentina,1,1.2,17871,Stadio Olimpico di Torino,Michael Fabbri,NA,https://fbref.com/en/matches/e12deac7/Torino-Fiorentina-October-27-2018-Serie-A
Serie A,M,ITA,2019,NA,10,Sun,2018-10-28,12:30,Sassuolo,2,2.2,Bologna,2,1.3,12647,Stadio Città del Tricolore,Daniele Doveri,NA,https://fbref.com/en/matches/d335a746/Sassuolo-Bologna-October-28-2018-Serie-A
Serie A,M,ITA,2019,NA,10,Sun,2018-10-28,15:00,Cagliari,2,1.5,Chievo,1,1.2,15805,Sardegna Arena,Marco Piccinini,NA,https://fbref.com/en/matches/e6163c2a/Cagliari-Chievo-October-28-2018-Serie-A
Serie A,M,ITA,2019,NA,10,Sun,2018-10-28,15:00,SPAL,0,0.9,Frosinone,3,1,13676,Stadio Paolo Mazza,Daniele Chiffi,NA,https://fbref.com/en/matches/86b4e007/SPAL-Frosinone-October-28-2018-Serie-A
Serie A,M,ITA,2019,NA,10,Sun,2018-10-28,15:00,Genoa,2,1.7,Udinese,2,0.5,18880,Stadio Comunale Luigi Ferraris,Paolo Mazzoleni,NA,https://fbref.com/en/matches/bc7cf1b6/Genoa-Udinese-October-28-2018-Serie-A
Serie A,M,ITA,2019,NA,10,Sun,2018-10-28,18:00,Milan,3,2,Sampdoria,2,0.6,47347,Stadio Giuseppe Meazza,Fabio Maresca,NA,https://fbref.com/en/matches/e941f340/Milan-Sampdoria-October-28-2018-Serie-A
Serie A,M,ITA,2019,NA,10,Sun,2018-10-28,20:30,Napoli,1,2.1,Roma,1,0.6,30037,Stadio San Paolo,Davide Massa,NA,https://fbref.com/en/matches/cd2f642f/Derby-del-Sole-Napoli-Roma-October-28-2018-Serie-A
Serie A,M,ITA,2019,NA,10,Mon,2018-10-29,20:30,Lazio,0,1.4,Inter,3,1.9,40068,Stadio Olimpico,Massimiliano Irrati,NA,https://fbref.com/en/matches/3d9c6a02/Lazio-Internazionale-October-29-2018-Serie-A
Serie A,M,ITA,2019,NA,11,Fri,2018-11-02,20:30,Napoli,5,2,Empoli,1,1.2,31370,Stadio San Paolo,Luca Pairetto,NA,https://fbref.com/en/matches/aef9f881/Napoli-Empoli-November-2-2018-Serie-A
Serie A,M,ITA,2019,NA,11,Sat,2018-11-03,15:00,Inter,5,2.9,Genoa,0,0.4,67532,Stadio Giuseppe Meazza,Paolo Valeri,NA,https://fbref.com/en/matches/7e11d375/Internazionale-Genoa-November-3-2018-Serie-A
Serie A,M,ITA,2019,NA,11,Sat,2018-11-03,18:00,Fiorentina,1,1.3,Roma,1,1.6,30590,Stadio Artemio Franchi,Luca Banti,NA,https://fbref.com/en/matches/88a737bc/Fiorentina-Roma-November-3-2018-Serie-A
Serie A,M,ITA,2019,NA,11,Sat,2018-11-03,20:30,Juventus,3,1.8,Cagliari,1,0.7,40644,Allianz Stadium,Maurizio Mariani,NA,https://fbref.com/en/matches/509c0a53/Juventus-Cagliari-November-3-2018-Serie-A
Serie A,M,ITA,2019,NA,11,Sun,2018-11-04,12:30,Lazio,4,2.2,SPAL,1,1.2,35573,Stadio Olimpico,Marco Guida,NA,https://fbref.com/en/matches/1c2946a4/Lazio-SPAL-November-4-2018-Serie-A
Serie A,M,ITA,2019,NA,11,Sun,2018-11-04,15:00,Sampdoria,1,1.4,Torino,4,2.3,20364,Stadio Comunale Luigi Ferraris,Gianluca Rocchi,NA,https://fbref.com/en/matches/6ca98909/Sampdoria-Torino-November-4-2018-Serie-A
Serie A,M,ITA,2019,NA,11,Sun,2018-11-04,15:00,Chievo,0,0.3,Sassuolo,2,0.9,8100,Stadio Marc'Antonio Bentegodi,Gianluca Aureliano,NA,https://fbref.com/en/matches/c91dcd07/Chievo-Sassuolo-November-4-2018-Serie-A
Serie A,M,ITA,2019,NA,11,Sun,2018-11-04,15:00,Parma,0,0.5,Frosinone,0,0.5,14004,Stadio Ennio Tardini,Gianluca Manganiello,NA,https://fbref.com/en/matches/bf3d8da2/Parma-Frosinone-November-4-2018-Serie-A
Serie A,M,ITA,2019,NA,11,Sun,2018-11-04,18:00,Bologna,1,1.9,Atalanta,2,1.7,19038,Stadio Renato Dall'Ara,Federico La Penna,NA,https://fbref.com/en/matches/994f1a0f/Bologna-Atalanta-November-4-2018-Serie-A
Serie A,M,ITA,2019,NA,11,Sun,2018-11-04,20:30,Udinese,0,0.5,Milan,1,0.7,23540,Dacia Arena,Marco Di Bello,NA,https://fbref.com/en/matches/9d192295/Udinese-Milan-November-4-2018-Serie-A
Serie A,M,ITA,2019,NA,12,Fri,2018-11-09,20:30,Frosinone,1,0.4,Fiorentina,1,2.1,13378,Stadio Benito Stirpe,Fabrizio Pasqua,NA,https://fbref.com/en/matches/6135ca5f/Frosinone-Fiorentina-November-9-2018-Serie-A
Serie A,M,ITA,2019,NA,12,Sat,2018-11-10,15:00,Torino,1,2.6,Parma,2,1.6,17431,Stadio Olimpico di Torino,Davide Massa,NA,https://fbref.com/en/matches/62e494f0/Torino-Parma-November-10-2018-Serie-A
Serie A,M,ITA,2019,NA,12,Sat,2018-11-10,18:00,SPAL,2,1.7,Cagliari,2,1.2,13250,Stadio Paolo Mazza,Daniele Doveri,NA,https://fbref.com/en/matches/3a437e3a/SPAL-Cagliari-November-10-2018-Serie-A
Serie A,M,ITA,2019,NA,12,Sat,2018-11-10,20:30,Genoa,1,0.7,Napoli,2,1.7,25365,Stadio Comunale Luigi Ferraris,Rosario Abisso,NA,https://fbref.com/en/matches/1354b373/Genoa-Napoli-November-10-2018-Serie-A
Serie A,M,ITA,2019,NA,12,Sun,2018-11-11,12:30,Atalanta,4,3.4,Inter,1,1.4,20633,Stadio Atleti Azzurri d'Italia,Fabio Maresca,NA,https://fbref.com/en/matches/6c35c803/Atalanta-Internazionale-November-11-2018-Serie-A
Serie A,M,ITA,2019,NA,12,Sun,2018-11-11,15:00,Chievo,2,2.2,Bologna,2,1.6,9500,Stadio Marc'Antonio Bentegodi,Daniele Orsato,NA,https://fbref.com/en/matches/fe6431ea/Chievo-Bologna-November-11-2018-Serie-A
Serie A,M,ITA,2019,NA,12,Sun,2018-11-11,15:00,Empoli,2,1.3,Udinese,1,3.9,7553,Stadio Carlo Castellani,Piero Giacomelli,NA,https://fbref.com/en/matches/e9e33752/Empoli-Udinese-November-11-2018-Serie-A
Serie A,M,ITA,2019,NA,12,Sun,2018-11-11,15:00,Roma,4,2.7,Sampdoria,1,0.9,37582,Stadio Olimpico,Massimiliano Irrati,NA,https://fbref.com/en/matches/64a88b2f/Roma-Sampdoria-November-11-2018-Serie-A
Serie A,M,ITA,2019,NA,12,Sun,2018-11-11,18:00,Sassuolo,1,0.7,Lazio,1,1.6,11317,Stadio Città del Tricolore,Giampaolo Calvarese,NA,https://fbref.com/en/matches/258162a8/Sassuolo-Lazio-November-11-2018-Serie-A
Serie A,M,ITA,2019,NA,12,Sun,2018-11-11,20:30,Milan,0,0.9,Juventus,2,1.3,74729,Stadio Giuseppe Meazza,Paolo Mazzoleni,NA,https://fbref.com/en/matches/2a9656b4/Milan-Juventus-November-11-2018-Serie-A
Serie A,M,ITA,2019,NA,13,Sat,2018-11-24,15:00,Udinese,1,1.4,Roma,0,1.3,21986,Dacia Arena,Michael Fabbri,NA,https://fbref.com/en/matches/46b4915e/Udinese-Roma-November-24-2018-Serie-A
Serie A,M,ITA,2019,NA,13,Sat,2018-11-24,18:00,Juventus,2,1.6,SPAL,0,0.5,41052,Allianz Stadium,Federico La Penna,NA,https://fbref.com/en/matches/87cdb443/Juventus-SPAL-November-24-2018-Serie-A
Serie A,M,ITA,2019,NA,13,Sat,2018-11-24,20:30,Inter,3,2.5,Frosinone,0,0.2,63645,Stadio Giuseppe Meazza,Luca Pairetto,NA,https://fbref.com/en/matches/7d29507c/Internazionale-Frosinone-November-24-2018-Serie-A
Serie A,M,ITA,2019,NA,13,Sun,2018-11-25,12:30,Parma,2,2.1,Sassuolo,1,1.5,14354,Stadio Ennio Tardini,Paolo Valeri,NA,https://fbref.com/en/matches/1958a5ca/Parma-Sassuolo-November-25-2018-Serie-A
Serie A,M,ITA,2019,NA,13,Sun,2018-11-25,15:00,Napoli,0,1.5,Chievo,0,0.4,44468,Stadio San Paolo,Daniele Chiffi,NA,https://fbref.com/en/matches/a2e9cb92/Napoli-Chievo-November-25-2018-Serie-A
Serie A,M,ITA,2019,NA,13,Sun,2018-11-25,15:00,Empoli,3,2.2,Atalanta,2,1.9,8736,Stadio Carlo Castellani,Gianluca Manganiello,NA,https://fbref.com/en/matches/6f835d4d/Empoli-Atalanta-November-25-2018-Serie-A
Serie A,M,ITA,2019,NA,13,Sun,2018-11-25,15:00,Bologna,0,0.5,Fiorentina,0,1.3,21241,Stadio Renato Dall'Ara,Marco Di Bello,NA,https://fbref.com/en/matches/6528a740/Derby-dellAppennino-Bologna-Fiorentina-November-25-2018-Serie-A
Serie A,M,ITA,2019,NA,13,Sun,2018-11-25,18:00,Lazio,1,1.1,Milan,1,0.5,38269,Stadio Olimpico,Luca Banti,NA,https://fbref.com/en/matches/8fe9c11b/Lazio-Milan-November-25-2018-Serie-A
Serie A,M,ITA,2019,NA,13,Sun,2018-11-25,20:30,Genoa,1,2.1,Sampdoria,1,0.6,31756,Stadio Comunale Luigi Ferraris,Daniele Doveri,NA,https://fbref.com/en/matches/9741393d/Genoa-Sampdoria-November-25-2018-Serie-A
Serie A,M,ITA,2019,NA,13,Mon,2018-11-26,20:30,Cagliari,0,0.2,Torino,0,0.7,15804,Sardegna Arena,Fabrizio Pasqua,NA,https://fbref.com/en/matches/2c20f001/Cagliari-Torino-November-26-2018-Serie-A
Serie A,M,ITA,2019,NA,14,Sat,2018-12-01,15:00,SPAL,2,0.8,Empoli,2,2.1,12622,Stadio Paolo Mazza,Paolo Mazzoleni,NA,https://fbref.com/en/matches/bf6d7ecb/SPAL-Empoli-December-1-2018-Serie-A
Serie A,M,ITA,2019,NA,14,Sat,2018-12-01,18:00,Fiorentina,0,1.3,Juventus,3,1.7,40872,Stadio Artemio Franchi,Daniele Orsato,NA,https://fbref.com/en/matches/8d3c0001/Fiorentina-Juventus-December-1-2018-Serie-A
Serie A,M,ITA,2019,NA,14,Sat,2018-12-01,20:30,Sampdoria,4,1.3,Bologna,1,1.2,17844,Stadio Comunale Luigi Ferraris,Rosario Abisso,NA,https://fbref.com/en/matches/c580ecf5/Sampdoria-Bologna-December-1-2018-Serie-A
Serie A,M,ITA,2019,NA,14,Sun,2018-12-02,12:30,Milan,2,1.4,Parma,1,1.4,53275,Stadio Giuseppe Meazza,Giampaolo Calvarese,NA,https://fbref.com/en/matches/f5d074c7/Milan-Parma-December-2-2018-Serie-A
Serie A,M,ITA,2019,NA,14,Sun,2018-12-02,15:00,Frosinone,1,1.9,Cagliari,1,1.9,12377,Stadio Benito Stirpe,Marco Serra,NA,https://fbref.com/en/matches/44d65fdb/Frosinone-Cagliari-December-2-2018-Serie-A
Serie A,M,ITA,2019,NA,14,Sun,2018-12-02,15:00,Torino,2,2.2,Genoa,1,1.6,15324,Stadio Olimpico di Torino,Maurizio Mariani,NA,https://fbref.com/en/matches/19f1af60/Torino-Genoa-December-2-2018-Serie-A
Serie A,M,ITA,2019,NA,14,Sun,2018-12-02,15:00,Sassuolo,0,1.5,Udinese,0,0.1,10655,Stadio Città del Tricolore,Marco Guida,NA,https://fbref.com/en/matches/360e0077/Sassuolo-Udinese-December-2-2018-Serie-A
Serie A,M,ITA,2019,NA,14,Sun,2018-12-02,18:00,Chievo,1,1,Lazio,1,1.1,7000,Stadio Marc'Antonio Bentegodi,Fabio Maresca,NA,https://fbref.com/en/matches/6b38d415/Chievo-Lazio-December-2-2018-Serie-A
Serie A,M,ITA,2019,NA,14,Sun,2018-12-02,20:30,Roma,2,1.6,Inter,2,1.9,41009,Stadio Olimpico,Gianluca Rocchi,NA,https://fbref.com/en/matches/be14a351/Roma-Internazionale-December-2-2018-Serie-A
Serie A,M,ITA,2019,NA,14,Mon,2018-12-03,20:30,Atalanta,1,1.3,Napoli,2,1.6,19871,Stadio Atleti Azzurri d'Italia,Piero Giacomelli,NA,https://fbref.com/en/matches/176bd167/Atalanta-Napoli-December-3-2018-Serie-A
Serie A,M,ITA,2019,NA,15,Fri,2018-12-07,20:30,Juventus,1,1.5,Inter,0,1,41495,Allianz Stadium,Massimiliano Irrati,NA,https://fbref.com/en/matches/7b515291/Derby-dItalia-Juventus-Internazionale-December-7-2018-Serie-A
Serie A,M,ITA,2019,NA,15,Sat,2018-12-08,15:00,Napoli,4,2.2,Frosinone,0,0.6,34631,Stadio San Paolo,Gianluca Manganiello,NA,https://fbref.com/en/matches/48089bcf/Napoli-Frosinone-December-8-2018-Serie-A
Serie A,M,ITA,2019,NA,15,Sat,2018-12-08,18:00,Cagliari,2,1.8,Roma,2,1.8,14938,Sardegna Arena,Paolo Mazzoleni,NA,https://fbref.com/en/matches/b30fa06d/Cagliari-Roma-December-8-2018-Serie-A
Serie A,M,ITA,2019,NA,15,Sat,2018-12-08,20:30,Lazio,2,4,Sampdoria,2,0.8,28000,Stadio Olimpico,Davide Massa,NA,https://fbref.com/en/matches/1559672b/Lazio-Sampdoria-December-8-2018-Serie-A
Serie A,M,ITA,2019,NA,15,Sun,2018-12-09,12:30,Sassuolo,3,1,Fiorentina,3,2.2,11436,Stadio Città del Tricolore,Daniele Chiffi,NA,https://fbref.com/en/matches/dc61be38/Sassuolo-Fiorentina-December-9-2018-Serie-A
Serie A,M,ITA,2019,NA,15,Sun,2018-12-09,15:00,Udinese,1,1,Atalanta,3,2.2,24413,Dacia Arena,Giampaolo Calvarese,NA,https://fbref.com/en/matches/37563323/Udinese-Atalanta-December-9-2018-Serie-A
Serie A,M,ITA,2019,NA,15,Sun,2018-12-09,15:00,Empoli,2,2,Bologna,1,2.4,8379,Stadio Carlo Castellani,Paolo Valeri,NA,https://fbref.com/en/matches/51f07929/Empoli-Bologna-December-9-2018-Serie-A
Serie A,M,ITA,2019,NA,15,Sun,2018-12-09,15:00,Parma,1,1.6,Chievo,1,1.6,13994,Stadio Ennio Tardini,Federico La Penna,NA,https://fbref.com/en/matches/481c1923/Parma-Chievo-December-9-2018-Serie-A
Serie A,M,ITA,2019,NA,15,Sun,2018-12-09,18:00,Genoa,1,1,SPAL,1,2,19571,Stadio Comunale Luigi Ferraris,Fabrizio Pasqua,NA,https://fbref.com/en/matches/4b694569/Genoa-SPAL-December-9-2018-Serie-A
Serie A,M,ITA,2019,NA,15,Sun,2018-12-09,20:30,Milan,0,1,Torino,0,1,44572,Stadio Giuseppe Meazza,Daniele Orsato,NA,https://fbref.com/en/matches/3d46245d/Milan-Torino-December-9-2018-Serie-A
Serie A,M,ITA,2019,NA,16,Sat,2018-12-15,18:00,Inter,1,2.2,Udinese,0,0.3,57025,Stadio Giuseppe Meazza,Rosario Abisso,NA,https://fbref.com/en/matches/1a318a2c/Internazionale-Udinese-December-15-2018-Serie-A
Serie A,M,ITA,2019,NA,16,Sat,2018-12-15,20:30,Torino,0,0.5,Juventus,1,1.6,26588,Stadio Olimpico di Torino,Marco Guida,NA,https://fbref.com/en/matches/d4b0d030/Torino-Juventus-December-15-2018-Serie-A
Serie A,M,ITA,2019,NA,16,Sun,2018-12-16,12:30,SPAL,0,0.6,Chievo,0,1.1,11882,Stadio Paolo Mazza,Luca Banti,NA,https://fbref.com/en/matches/4449c493/SPAL-Chievo-December-16-2018-Serie-A
Serie A,M,ITA,2019,NA,16,Sun,2018-12-16,15:00,Sampdoria,2,1.5,Parma,0,0.5,19000,Stadio Comunale Luigi Ferraris,Luca Pairetto,NA,https://fbref.com/en/matches/4070e37d/Sampdoria-Parma-December-16-2018-Serie-A
Serie A,M,ITA,2019,NA,16,Sun,2018-12-16,15:00,Fiorentina,3,1.6,Empoli,1,1.4,30000,Stadio Artemio Franchi,Piero Giacomelli,NA,https://fbref.com/en/matches/ed69d974/Fiorentina-Empoli-December-16-2018-Serie-A
Serie A,M,ITA,2019,NA,16,Sun,2018-12-16,15:00,Frosinone,0,0.6,Sassuolo,2,0.9,12000,Stadio Benito Stirpe,Eugenio Abbattista,NA,https://fbref.com/en/matches/37c7739a/Frosinone-Sassuolo-December-16-2018-Serie-A
Serie A,M,ITA,2019,NA,16,Sun,2018-12-16,18:00,Cagliari,0,0.6,Napoli,1,1,15081,Sardegna Arena,Daniele Doveri,NA,https://fbref.com/en/matches/4f228ea8/Cagliari-Napoli-December-16-2018-Serie-A
Serie A,M,ITA,2019,NA,16,Sun,2018-12-16,20:30,Roma,3,1.9,Genoa,2,2,29111,Stadio Olimpico,Marco Di Bello,NA,https://fbref.com/en/matches/386c7081/Roma-Genoa-December-16-2018-Serie-A
Serie A,M,ITA,2019,NA,16,Mon,2018-12-17,20:30,Atalanta,1,0.7,Lazio,0,0.8,17401,Stadio Atleti Azzurri d'Italia,Daniele Orsato,NA,https://fbref.com/en/matches/12f22ce3/Atalanta-Lazio-December-17-2018-Serie-A
Serie A,M,ITA,2019,NA,16,Tue,2018-12-18,20:30,Bologna,0,0.4,Milan,0,0.6,22214,Stadio Renato Dall'Ara,Fabio Maresca,NA,https://fbref.com/en/matches/798496b1/Bologna-Milan-December-18-2018-Serie-A
Serie A,M,ITA,2019,NA,17,Sat,2018-12-22,12:30,Lazio,3,2.7,Cagliari,1,1.8,20000,Stadio Olimpico,Gianluca Manganiello,NA,https://fbref.com/en/matches/56486a50/Lazio-Cagliari-December-22-2018-Serie-A
Serie A,M,ITA,2019,NA,17,Sat,2018-12-22,15:00,Genoa,3,1.5,Atalanta,1,2.4,19841,Stadio Comunale Luigi Ferraris,Daniele Doveri,NA,https://fbref.com/en/matches/d99e1cc3/Genoa-Atalanta-December-22-2018-Serie-A
Serie A,M,ITA,2019,NA,17,Sat,2018-12-22,15:00,Milan,0,0.7,Fiorentina,1,0.3,52592,Stadio Giuseppe Meazza,Maurizio Mariani,NA,https://fbref.com/en/matches/c6b48f30/Milan-Fiorentina-December-22-2018-Serie-A
Serie A,M,ITA,2019,NA,17,Sat,2018-12-22,15:00,Udinese,1,0.4,Frosinone,1,1.4,18000,Dacia Arena,Paolo Valeri,NA,https://fbref.com/en/matches/f8a12156/Udinese-Frosinone-December-22-2018-Serie-A
Serie A,M,ITA,2019,NA,17,Sat,2018-12-22,15:00,Empoli,2,1.4,Sampdoria,4,1.8,8815,Stadio Carlo Castellani,Giampaolo Calvarese,NA,https://fbref.com/en/matches/2b50c933/Empoli-Sampdoria-December-22-2018-Serie-A
Serie A,M,ITA,2019,NA,17,Sat,2018-12-22,15:00,Sassuolo,1,2.5,Torino,1,0.3,11148,Stadio Città del Tricolore,Luca Banti,NA,https://fbref.com/en/matches/518aa453/Sassuolo-Torino-December-22-2018-Serie-A
Serie A,M,ITA,2019,NA,17,Sat,2018-12-22,15:00,Napoli,1,2.2,SPAL,0,0.6,37093,Stadio San Paolo,Federico La Penna,NA,https://fbref.com/en/matches/a9da4f86/Napoli-SPAL-December-22-2018-Serie-A
Serie A,M,ITA,2019,NA,17,Sat,2018-12-22,18:00,Chievo,1,0.7,Inter,1,2.1,22000,Stadio Marc'Antonio Bentegodi,Fabrizio Pasqua,NA,https://fbref.com/en/matches/bbb44ca5/Chievo-Internazionale-December-22-2018-Serie-A
Serie A,M,ITA,2019,NA,17,Sat,2018-12-22,18:00,Parma,0,0.8,Bologna,0,0.3,15058,Stadio Ennio Tardini,Rosario Abisso,NA,https://fbref.com/en/matches/f209ba84/Parma-Bologna-December-22-2018-Serie-A
Serie A,M,ITA,2019,NA,17,Sat,2018-12-22,20:30,Juventus,1,1.5,Roma,0,0.4,40069,Allianz Stadium,Davide Massa,NA,https://fbref.com/en/matches/01a0dbbf/Juventus-Roma-December-22-2018-Serie-A
Serie A,M,ITA,2019,NA,18,Wed,2018-12-26,12:30,Frosinone,0,0.8,Milan,0,1.7,15217,Stadio Benito Stirpe,Marco Guida,NA,https://fbref.com/en/matches/7090161a/Frosinone-Milan-December-26-2018-Serie-A
Serie A,M,ITA,2019,NA,18,Wed,2018-12-26,15:00,Sampdoria,2,0.7,Chievo,0,0.3,19190,Stadio Comunale Luigi Ferraris,Antonio Giua,NA,https://fbref.com/en/matches/c3026bcf/Sampdoria-Chievo-December-26-2018-Serie-A
Serie A,M,ITA,2019,NA,18,Wed,2018-12-26,15:00,Bologna,0,0.2,Lazio,2,1.1,19230,Stadio Renato Dall'Ara,Luca Pairetto,NA,https://fbref.com/en/matches/e315c6ff/Bologna-Lazio-December-26-2018-Serie-A
Serie A,M,ITA,2019,NA,18,Wed,2018-12-26,15:00,Fiorentina,0,1.8,Parma,1,0.4,31767,Stadio Artemio Franchi,Michael Fabbri,NA,https://fbref.com/en/matches/8bc8ed8b/Fiorentina-Parma-December-26-2018-Serie-A
Serie A,M,ITA,2019,NA,18,Wed,2018-12-26,15:00,Atalanta,2,1.4,Juventus,2,1.1,19787,Stadio Atleti Azzurri d'Italia,Luca Banti,NA,https://fbref.com/en/matches/a0fb32c6/Atalanta-Juventus-December-26-2018-Serie-A
Serie A,M,ITA,2019,NA,18,Wed,2018-12-26,15:00,Cagliari,1,1.2,Genoa,0,0.6,15777,Sardegna Arena,Daniele Orsato,NA,https://fbref.com/en/matches/d0c06a35/Cagliari-Genoa-December-26-2018-Serie-A
Serie A,M,ITA,2019,NA,18,Wed,2018-12-26,18:00,Torino,3,1.3,Empoli,0,0.2,20047,Stadio Olimpico di Torino,Fabio Maresca,NA,https://fbref.com/en/matches/f6b93ebc/Torino-Empoli-December-26-2018-Serie-A
Serie A,M,ITA,2019,NA,18,Wed,2018-12-26,18:00,SPAL,0,1,Udinese,0,0.3,13195,Stadio Paolo Mazza,Daniele Doveri,NA,https://fbref.com/en/matches/3df88643/SPAL-Udinese-December-26-2018-Serie-A
Serie A,M,ITA,2019,NA,18,Wed,2018-12-26,18:00,Roma,3,3.3,Sassuolo,1,0.7,35893,Stadio Olimpico,Piero Giacomelli,NA,https://fbref.com/en/matches/fb828051/Roma-Sassuolo-December-26-2018-Serie-A
Serie A,M,ITA,2019,NA,18,Wed,2018-12-26,20:30,Inter,1,1.3,Napoli,0,0.8,63946,Stadio Giuseppe Meazza,Paolo Mazzoleni,NA,https://fbref.com/en/matches/a3f646d1/Internazionale-Napoli-December-26-2018-Serie-A
Serie A,M,ITA,2019,NA,19,Sat,2018-12-29,12:30,Juventus,2,1.4,Sampdoria,1,1.7,40641,Allianz Stadium,Paolo Valeri,NA,https://fbref.com/en/matches/37b5f20e/Juventus-Sampdoria-December-29-2018-Serie-A
Serie A,M,ITA,2019,NA,19,Sat,2018-12-29,15:00,Empoli,0,0.5,Inter,1,1.1,10393,Stadio Carlo Castellani,Federico La Penna,NA,https://fbref.com/en/matches/dab31c63/Empoli-Internazionale-December-29-2018-Serie-A
Serie A,M,ITA,2019,NA,19,Sat,2018-12-29,15:00,Genoa,0,0.5,Fiorentina,0,1.6,21000,Stadio Comunale Luigi Ferraris,Davide Massa,NA,https://fbref.com/en/matches/71ad52a9/Genoa-Fiorentina-December-29-2018-Serie-A
Serie A,M,ITA,2019,NA,19,Sat,2018-12-29,15:00,Sassuolo,2,1.1,Atalanta,6,2.9,8000,Stadio Città del Tricolore,Fabrizio Pasqua,NA,https://fbref.com/en/matches/1196e43c/Sassuolo-Atalanta-December-29-2018-Serie-A
Serie A,M,ITA,2019,NA,19,Sat,2018-12-29,15:00,Lazio,1,0.9,Torino,1,1.8,35000,Stadio Olimpico,Massimiliano Irrati,NA,https://fbref.com/en/matches/ac16e9b8/Lazio-Torino-December-29-2018-Serie-A
Serie A,M,ITA,2019,NA,19,Sat,2018-12-29,15:00,Parma,0,0.5,Roma,2,1.8,17997,Stadio Ennio Tardini,Gianluca Manganiello,NA,https://fbref.com/en/matches/b051f48c/Parma-Roma-December-29-2018-Serie-A
Serie A,M,ITA,2019,NA,19,Sat,2018-12-29,15:00,Udinese,2,2.2,Cagliari,0,0.4,20000,Dacia Arena,Maurizio Mariani,NA,https://fbref.com/en/matches/0bd2574c/Udinese-Cagliari-December-29-2018-Serie-A
Serie A,M,ITA,2019,NA,19,Sat,2018-12-29,15:00,Chievo,1,1.4,Frosinone,0,0.7,8000,Stadio Marc'Antonio Bentegodi,Gianluca Rocchi,NA,https://fbref.com/en/matches/a5ef0058/Chievo-Frosinone-December-29-2018-Serie-A
Serie A,M,ITA,2019,NA,19,Sat,2018-12-29,18:00,Napoli,3,2,Bologna,2,0.7,46585,Stadio San Paolo,Giampaolo Calvarese,NA,https://fbref.com/en/matches/7f08acbc/Napoli-Bologna-December-29-2018-Serie-A
Serie A,M,ITA,2019,NA,19,Sat,2018-12-29,20:30,Milan,2,1.9,SPAL,1,0.7,48070,Stadio Giuseppe Meazza,Rosario Abisso,NA,https://fbref.com/en/matches/5ff30925/Milan-SPAL-December-29-2018-Serie-A
Serie A,M,ITA,2019,NA,2,Sat,2018-08-25,18:00,Juventus,2,1.6,Lazio,0,0.3,40171,Allianz Stadium,Massimiliano Irrati,NA,https://fbref.com/en/matches/2ea4b5a9/Juventus-Lazio-August-25-2018-Serie-A
Serie A,M,ITA,2019,NA,2,Sat,2018-08-25,20:30,Napoli,3,1.4,Milan,2,0.7,34474,Stadio San Paolo,Paolo Valeri,NA,https://fbref.com/en/matches/05260246/Napoli-Milan-August-25-2018-Serie-A
Serie A,M,ITA,2019,NA,2,Sun,2018-08-26,18:00,SPAL,1,1.4,Parma,0,0.3,6000,Stadio Paolo Mazza,Daniele Orsato,NA,https://fbref.com/en/matches/43700994/SPAL-Parma-August-26-2018-Serie-A
Serie A,M,ITA,2019,NA,2,Sun,2018-08-26,20:30,Fiorentina,6,3.5,Chievo,1,0.7,27790,Stadio Artemio Franchi,Rosario Abisso,NA,https://fbref.com/en/matches/faabbf40/Fiorentina-Chievo-August-26-2018-Serie-A
Serie A,M,ITA,2019,NA,2,Sun,2018-08-26,20:30,Udinese,1,1.8,Sampdoria,0,0.7,15770,Dacia Arena,Federico La Penna,NA,https://fbref.com/en/matches/f42fa5a8/Udinese-Sampdoria-August-26-2018-Serie-A
Serie A,M,ITA,2019,NA,2,Sun,2018-08-26,20:30,Genoa,2,1.1,Empoli,1,1.5,19523,Stadio Comunale Luigi Ferraris,Livio Marinelli,NA,https://fbref.com/en/matches/13e8157a/Genoa-Empoli-August-26-2018-Serie-A
Serie A,M,ITA,2019,NA,2,Sun,2018-08-26,20:30,Frosinone,0,1.7,Bologna,0,0.9,NA,Stadio Benito Stirpe,Gianluca Manganiello,NA,https://fbref.com/en/matches/7dff3aeb/Frosinone-Bologna-August-26-2018-Serie-A
Serie A,M,ITA,2019,NA,2,Sun,2018-08-26,20:30,Inter,2,0.8,Torino,2,1.1,59135,Stadio Giuseppe Meazza,Paolo Mazzoleni,NA,https://fbref.com/en/matches/41f84052/Internazionale-Torino-August-26-2018-Serie-A
Serie A,M,ITA,2019,NA,2,Sun,2018-08-26,20:30,Cagliari,2,1.3,Sassuolo,2,1.8,14432,Sardegna Arena,Luca Pairetto,NA,https://fbref.com/en/matches/05f91647/Cagliari-Sassuolo-August-26-2018-Serie-A
Serie A,M,ITA,2019,NA,2,Mon,2018-08-27,20:30,Roma,3,2.5,Atalanta,3,3,41725,Stadio Olimpico,Michael Fabbri,NA,https://fbref.com/en/matches/9be750ef/Roma-Atalanta-August-27-2018-Serie-A
Serie A,M,ITA,2019,NA,20,Sat,2019-01-19,15:00,Roma,3,3.1,Torino,2,1.5,32978,Stadio Olimpico,Piero Giacomelli,NA,https://fbref.com/en/matches/2acb181a/Roma-Torino-January-19-2019-Serie-A
Serie A,M,ITA,2019,NA,20,Sat,2019-01-19,18:00,Udinese,1,1.8,Parma,2,2.2,15000,Dacia Arena,Paolo Mazzoleni,NA,https://fbref.com/en/matches/aac44168/Udinese-Parma-January-19-2019-Serie-A
Serie A,M,ITA,2019,NA,20,Sat,2019-01-19,20:30,Inter,0,1.2,Sassuolo,0,1.2,11000,Stadio Giuseppe Meazza,Luca Pairetto,NA,https://fbref.com/en/matches/274670a0/Internazionale-Sassuolo-January-19-2019-Serie-A
Serie A,M,ITA,2019,NA,20,Sun,2019-01-20,12:30,Frosinone,0,0.8,Atalanta,5,2.4,12728,Stadio Benito Stirpe,Daniele Chiffi,NA,https://fbref.com/en/matches/8ad79daf/Frosinone-Atalanta-January-20-2019-Serie-A
Serie A,M,ITA,2019,NA,20,Sun,2019-01-20,15:00,Fiorentina,3,2.6,Sampdoria,3,1.7,27844,Stadio Artemio Franchi,Marco Di Bello,NA,https://fbref.com/en/matches/640036d0/Fiorentina-Sampdoria-January-20-2019-Serie-A
Serie A,M,ITA,2019,NA,20,Sun,2019-01-20,15:00,SPAL,1,1.5,Bologna,1,1,14524,Stadio Paolo Mazza,Michael Fabbri,NA,https://fbref.com/en/matches/f1d3bfa1/SPAL-Bologna-January-20-2019-Serie-A
Serie A,M,ITA,2019,NA,20,Sun,2019-01-20,18:00,Cagliari,2,0.9,Empoli,2,1.2,13796,Sardegna Arena,Fabrizio Pasqua,NA,https://fbref.com/en/matches/0f6c7c4c/Cagliari-Empoli-January-20-2019-Serie-A
Serie A,M,ITA,2019,NA,20,Sun,2019-01-20,20:30,Napoli,2,1.8,Lazio,1,1.4,19448,Stadio San Paolo,Gianluca Rocchi,NA,https://fbref.com/en/matches/5f429f0c/Napoli-Lazio-January-20-2019-Serie-A
Serie A,M,ITA,2019,NA,20,Mon,2019-01-21,15:00,Genoa,0,1.9,Milan,2,1.4,19794,Stadio Comunale Luigi Ferraris,Daniele Orsato,NA,https://fbref.com/en/matches/a3ad2069/Genoa-Milan-January-21-2019-Serie-A
Serie A,M,ITA,2019,NA,20,Mon,2019-01-21,20:30,Juventus,3,3.2,Chievo,0,0.5,30239,Allianz Stadium,Marco Piccinini,NA,https://fbref.com/en/matches/9cd281ef/Juventus-Chievo-January-21-2019-Serie-A
Serie A,M,ITA,2019,NA,21,Sat,2019-01-26,15:00,Sassuolo,3,4.1,Cagliari,0,0.6,9970,Stadio Città del Tricolore,Massimiliano Irrati,NA,https://fbref.com/en/matches/33b5d395/Sassuolo-Cagliari-January-26-2019-Serie-A
Serie A,M,ITA,2019,NA,21,Sat,2019-01-26,18:00,Sampdoria,4,2.8,Udinese,0,0.4,18020,Stadio Comunale Luigi Ferraris,Davide Massa,NA,https://fbref.com/en/matches/6b483dd1/Sampdoria-Udinese-January-26-2019-Serie-A
Serie A,M,ITA,2019,NA,21,Sat,2019-01-26,20:30,Milan,0,1,Napoli,0,0.7,56729,Stadio Giuseppe Meazza,Daniele Doveri,NA,https://fbref.com/en/matches/3abdc150/Milan-Napoli-January-26-2019-Serie-A
Serie A,M,ITA,2019,NA,21,Sun,2019-01-27,12:30,Chievo,3,2.9,Fiorentina,4,1.9,10000,Stadio Marc'Antonio Bentegodi,Daniele Chiffi,NA,https://fbref.com/en/matches/8736e8e0/Chievo-Fiorentina-January-27-2019-Serie-A
Serie A,M,ITA,2019,NA,21,Sun,2019-01-27,15:00,Bologna,0,0.8,Frosinone,4,1.4,16076,Stadio Renato Dall'Ara,Luca Banti,NA,https://fbref.com/en/matches/e2aec225/Bologna-Frosinone-January-27-2019-Serie-A
Serie A,M,ITA,2019,NA,21,Sun,2019-01-27,15:00,Parma,2,2.5,SPAL,3,2,15297,Stadio Ennio Tardini,Rosario Abisso,NA,https://fbref.com/en/matches/1130f304/Parma-SPAL-January-27-2019-Serie-A
Serie A,M,ITA,2019,NA,21,Sun,2019-01-27,15:00,Atalanta,3,2.4,Roma,3,1.4,19459,Stadio Atleti Azzurri d'Italia,Giampaolo Calvarese,NA,https://fbref.com/en/matches/938e958a/Atalanta-Roma-January-27-2019-Serie-A
Serie A,M,ITA,2019,NA,21,Sun,2019-01-27,18:00,Torino,1,0.6,Inter,0,0.8,22002,Stadio Olimpico di Torino,Fabio Maresca,NA,https://fbref.com/en/matches/249e1f67/Torino-Internazionale-January-27-2019-Serie-A
Serie A,M,ITA,2019,NA,21,Sun,2019-01-27,20:30,Lazio,1,1.6,Juventus,2,1.2,60687,Stadio Olimpico,Marco Guida,NA,https://fbref.com/en/matches/cc20d5df/Lazio-Juventus-January-27-2019-Serie-A
Serie A,M,ITA,2019,NA,21,Mon,2019-01-28,20:30,Empoli,1,1.7,Genoa,3,2.1,7675,Stadio Carlo Castellani,Federico La Penna,NA,https://fbref.com/en/matches/85634cdf/Empoli-Genoa-January-28-2019-Serie-A
Serie A,M,ITA,2019,NA,22,Sat,2019-02-02,15:00,Empoli,2,2.1,Chievo,2,1.4,7030,Stadio Carlo Castellani,Marco Di Bello,NA,https://fbref.com/en/matches/05a8a97b/Empoli-Chievo-February-2-2019-Serie-A
Serie A,M,ITA,2019,NA,22,Sat,2019-02-02,18:00,Napoli,3,1.7,Sampdoria,0,1,19455,Stadio San Paolo,Luca Pairetto,NA,https://fbref.com/en/matches/bb9376e0/Napoli-Sampdoria-February-2-2019-Serie-A
Serie A,M,ITA,2019,NA,22,Sat,2019-02-02,20:30,Juventus,3,1.9,Parma,3,1.2,39548,Allianz Stadium,Piero Giacomelli,NA,https://fbref.com/en/matches/65525bef/Juventus-Parma-February-2-2019-Serie-A
Serie A,M,ITA,2019,NA,22,Sun,2019-02-03,12:30,SPAL,0,0.8,Torino,0,0.5,12743,Stadio Paolo Mazza,Maurizio Mariani,NA,https://fbref.com/en/matches/146971bd/SPAL-Torino-February-3-2019-Serie-A
Serie A,M,ITA,2019,NA,22,Sun,2019-02-03,15:00,Genoa,1,1,Sassuolo,1,0.9,18927,Stadio Comunale Luigi Ferraris,Gianluca Manganiello,NA,https://fbref.com/en/matches/6f175cd2/Genoa-Sassuolo-February-3-2019-Serie-A
Serie A,M,ITA,2019,NA,22,Sun,2019-02-03,15:00,Udinese,1,1.7,Fiorentina,1,0.7,18118,Stadio Benito Stirpe,Daniele Orsato,NA,https://fbref.com/en/matches/ebb43a87/Udinese-Fiorentina-February-3-2019-Serie-A
Serie A,M,ITA,2019,NA,22,Sun,2019-02-03,18:00,Inter,0,1.2,Bologna,1,0.7,51566,Stadio Giuseppe Meazza,Fabrizio Pasqua,NA,https://fbref.com/en/matches/075ddac0/Internazionale-Bologna-February-3-2019-Serie-A
Serie A,M,ITA,2019,NA,22,Sun,2019-02-03,20:30,Roma,1,2,Milan,1,0.7,37581,Stadio Olimpico,Fabio Maresca,NA,https://fbref.com/en/matches/40fd2516/Roma-Milan-February-3-2019-Serie-A
Serie A,M,ITA,2019,NA,22,Mon,2019-02-04,19:00,Frosinone,0,1.1,Lazio,1,1.2,13221,Stadio Benito Stirpe,Michael Fabbri,NA,https://fbref.com/en/matches/3ec40fbc/Frosinone-Lazio-February-4-2019-Serie-A
Serie A,M,ITA,2019,NA,22,Mon,2019-02-04,21:00,Cagliari,0,1.1,Atalanta,1,0.9,14821,Sardegna Arena,Paolo Valeri,NA,https://fbref.com/en/matches/51a0460d/Cagliari-Atalanta-February-4-2019-Serie-A
Serie A,M,ITA,2019,NA,23,Thu,2019-02-07,20:30,Lazio,1,1.8,Empoli,0,0.5,28121,Stadio Olimpico,Daniele Chiffi,NA,https://fbref.com/en/matches/b89261e2/Lazio-Empoli-February-7-2019-Serie-A
Serie A,M,ITA,2019,NA,23,Fri,2019-02-08,20:30,Chievo,0,0.9,Roma,3,1.6,15000,Stadio Marc'Antonio Bentegodi,Rosario Abisso,NA,https://fbref.com/en/matches/e8e87b77/Chievo-Roma-February-8-2019-Serie-A
Serie A,M,ITA,2019,NA,23,Sat,2019-02-09,18:00,Fiorentina,0,0.7,Napoli,0,2.9,29377,Stadio Artemio Franchi,Giampaolo Calvarese,NA,https://fbref.com/en/matches/1ffe42d4/Fiorentina-Napoli-February-9-2019-Serie-A
Serie A,M,ITA,2019,NA,23,Sat,2019-02-09,20:30,Parma,0,0.5,Inter,1,2.2,18155,Stadio Ennio Tardini,Massimiliano Irrati,NA,https://fbref.com/en/matches/c8be0348/Parma-Internazionale-February-9-2019-Serie-A
Serie A,M,ITA,2019,NA,23,Sun,2019-02-10,12:30,Bologna,1,1.1,Genoa,1,1.2,17385,Stadio Renato Dall'Ara,Gianluca Rocchi,NA,https://fbref.com/en/matches/0c3840ca/Bologna-Genoa-February-10-2019-Serie-A
Serie A,M,ITA,2019,NA,23,Sun,2019-02-10,15:00,Atalanta,2,2,SPAL,1,0.6,18342,Stadio Atleti Azzurri d'Italia,Davide Massa,NA,https://fbref.com/en/matches/7f78bd98/Atalanta-SPAL-February-10-2019-Serie-A
Serie A,M,ITA,2019,NA,23,Sun,2019-02-10,15:00,Sampdoria,0,0.8,Frosinone,1,0.8,18937,Stadio Comunale Luigi Ferraris,Livio Marinelli,NA,https://fbref.com/en/matches/2b8e3215/Sampdoria-Frosinone-February-10-2019-Serie-A
Serie A,M,ITA,2019,NA,23,Sun,2019-02-10,15:00,Torino,1,1.8,Udinese,0,1.8,16557,Stadio Olimpico di Torino,Marco Guida,NA,https://fbref.com/en/matches/b980c5e4/Torino-Udinese-February-10-2019-Serie-A
Serie A,M,ITA,2019,NA,23,Sun,2019-02-10,18:00,Sassuolo,0,0.4,Juventus,3,1.6,21584,Stadio Città del Tricolore,Paolo Mazzoleni,NA,https://fbref.com/en/matches/1ab588a5/Sassuolo-Juventus-February-10-2019-Serie-A
Serie A,M,ITA,2019,NA,23,Sun,2019-02-10,20:30,Milan,3,2.1,Cagliari,0,1.3,45576,Stadio Giuseppe Meazza,Federico La Penna,NA,https://fbref.com/en/matches/4129c411/Milan-Cagliari-February-10-2019-Serie-A
Serie A,M,ITA,2019,NA,24,Fri,2019-02-15,20:30,Juventus,3,1.7,Frosinone,0,0.8,10570,Allianz Stadium,Antonio Giua,NA,https://fbref.com/en/matches/f1492e17/Juventus-Frosinone-February-15-2019-Serie-A
Serie A,M,ITA,2019,NA,24,Sat,2019-02-16,18:00,Cagliari,2,2.2,Parma,1,0.5,16119,Sardegna Arena,Gianluca Manganiello,NA,https://fbref.com/en/matches/a7398b93/Cagliari-Parma-February-16-2019-Serie-A
Serie A,M,ITA,2019,NA,24,Sat,2019-02-16,20:30,Atalanta,1,1.1,Milan,3,0.7,20801,Stadio Atleti Azzurri d'Italia,Fabrizio Pasqua,NA,https://fbref.com/en/matches/52571c53/Atalanta-Milan-February-16-2019-Serie-A
Serie A,M,ITA,2019,NA,24,Sun,2019-02-17,12:30,SPAL,1,1.1,Fiorentina,4,3.3,37294,Stadio Paolo Mazza,Luca Pairetto,NA,https://fbref.com/en/matches/7ec1b561/SPAL-Fiorentina-February-17-2019-Serie-A
Serie A,M,ITA,2019,NA,24,Sun,2019-02-17,15:00,Empoli,3,1.8,Sassuolo,0,0.9,7202,Stadio Carlo Castellani,Maurizio Mariani,NA,https://fbref.com/en/matches/07e84eb6/Empoli-Sassuolo-February-17-2019-Serie-A
Serie A,M,ITA,2019,NA,24,Sun,2019-02-17,15:00,Genoa,2,1.9,Lazio,1,0.6,19936,Stadio Comunale Luigi Ferraris,Luca Banti,NA,https://fbref.com/en/matches/8633edae/Genoa-Lazio-February-17-2019-Serie-A
Serie A,M,ITA,2019,NA,24,Sun,2019-02-17,15:00,Udinese,1,1.4,Chievo,0,2.2,18008,Dacia Arena,Paolo Valeri,NA,https://fbref.com/en/matches/89bfd1ab/Udinese-Chievo-February-17-2019-Serie-A
Serie A,M,ITA,2019,NA,24,Sun,2019-02-17,18:00,Inter,2,2.6,Sampdoria,1,0.9,55127,Stadio Giuseppe Meazza,Daniele Doveri,NA,https://fbref.com/en/matches/7454e76e/Internazionale-Sampdoria-February-17-2019-Serie-A
Serie A,M,ITA,2019,NA,24,Sun,2019-02-17,20:30,Napoli,0,2.4,Torino,0,0.5,21830,Stadio San Paolo,Michael Fabbri,NA,https://fbref.com/en/matches/19d1b74f/Napoli-Torino-February-17-2019-Serie-A
Serie A,M,ITA,2019,NA,24,Mon,2019-02-18,20:30,Roma,2,1.6,Bologna,1,2,31572,Stadio Olimpico,Marco Di Bello,NA,https://fbref.com/en/matches/25732866/Roma-Bologna-February-18-2019-Serie-A
Serie A,M,ITA,2019,NA,25,Fri,2019-02-22,20:30,Milan,3,1.3,Empoli,0,0.6,47866,Stadio Giuseppe Meazza,Piero Giacomelli,NA,https://fbref.com/en/matches/f1700ac1/Milan-Empoli-February-22-2019-Serie-A
Serie A,M,ITA,2019,NA,25,Sat,2019-02-23,15:00,Torino,2,1.4,Atalanta,0,0.6,21062,Stadio Olimpico di Torino,Daniele Orsato,NA,https://fbref.com/en/matches/90d2d7d3/Torino-Atalanta-February-23-2019-Serie-A
Serie A,M,ITA,2019,NA,25,Sat,2019-02-23,20:30,Frosinone,2,1.7,Roma,3,2.3,15063,Stadio Benito Stirpe,Gianluca Manganiello,NA,https://fbref.com/en/matches/d762cb05/Frosinone-Roma-February-23-2019-Serie-A
Serie A,M,ITA,2019,NA,25,Sun,2019-02-24,12:30,Sampdoria,1,2.3,Cagliari,0,0.7,18840,Stadio Comunale Luigi Ferraris,Luca Massimi,NA,https://fbref.com/en/matches/1d3b9f5d/Sampdoria-Cagliari-February-24-2019-Serie-A
Serie A,M,ITA,2019,NA,25,Sun,2019-02-24,15:00,Sassuolo,1,0.5,SPAL,1,1.3,11554,Stadio Città del Tricolore,Fabio Maresca,NA,https://fbref.com/en/matches/53e17183/Sassuolo-SPAL-February-24-2019-Serie-A
Serie A,M,ITA,2019,NA,25,Sun,2019-02-24,15:00,Chievo,0,0.5,Genoa,0,0.5,10500,Stadio Marc'Antonio Bentegodi,Manuel Volpi,NA,https://fbref.com/en/matches/9214a455/Chievo-Genoa-February-24-2019-Serie-A
Serie A,M,ITA,2019,NA,25,Sun,2019-02-24,15:00,Bologna,0,1.2,Juventus,1,0.6,28934,Stadio Renato Dall'Ara,Giampaolo Calvarese,NA,https://fbref.com/en/matches/889a0a3d/Bologna-Juventus-February-24-2019-Serie-A
Serie A,M,ITA,2019,NA,25,Sun,2019-02-24,18:00,Parma,0,0.5,Napoli,4,1.1,18478,Stadio Ennio Tardini,Daniele Chiffi,NA,https://fbref.com/en/matches/41d1feee/Parma-Napoli-February-24-2019-Serie-A
Serie A,M,ITA,2019,NA,25,Sun,2019-02-24,20:30,Fiorentina,3,1.6,Inter,3,1.3,32824,Stadio Artemio Franchi,Rosario Abisso,NA,https://fbref.com/en/matches/6e205e48/Fiorentina-Internazionale-February-24-2019-Serie-A
Serie A,M,ITA,2019,NA,25,Wed,2019-04-17,19:00,Lazio,2,1,Udinese,0,1.5,30162,Stadio Olimpico,Giampaolo Calvarese,NA,https://fbref.com/en/matches/a11fb902/Lazio-Udinese-April-17-2019-Serie-A
Serie A,M,ITA,2019,NA,26,Fri,2019-03-01,20:30,Cagliari,2,1.8,Inter,1,2.1,16223,Sardegna Arena,Luca Banti,NA,https://fbref.com/en/matches/5124ba06/Cagliari-Internazionale-March-1-2019-Serie-A
Serie A,M,ITA,2019,NA,26,Sat,2019-03-02,15:00,Empoli,3,2.7,Parma,3,1.3,8404,Stadio Carlo Castellani,Marco Di Bello,NA,https://fbref.com/en/matches/94f40f4f/Empoli-Parma-March-2-2019-Serie-A
Serie A,M,ITA,2019,NA,26,Sat,2019-03-02,18:00,Milan,1,1.1,Sassuolo,0,0.9,61462,Stadio Giuseppe Meazza,Paolo Valeri,NA,https://fbref.com/en/matches/809426d0/Milan-Sassuolo-March-2-2019-Serie-A
Serie A,M,ITA,2019,NA,26,Sat,2019-03-02,20:30,Lazio,3,2.1,Roma,0,1.1,53112,Stadio Olimpico,Paolo Mazzoleni,NA,https://fbref.com/en/matches/3fd391fe/Lazio-Roma-March-2-2019-Serie-A
Serie A,M,ITA,2019,NA,26,Sun,2019-03-03,12:30,Torino,3,0.7,Chievo,0,1.2,25269,Stadio Olimpico di Torino,Federico La Penna,NA,https://fbref.com/en/matches/3cf1aeeb/Torino-Chievo-March-3-2019-Serie-A
Serie A,M,ITA,2019,NA,26,Sun,2019-03-03,15:00,SPAL,1,0.8,Sampdoria,2,0.9,12731,Stadio Paolo Mazza,Fabrizio Pasqua,NA,https://fbref.com/en/matches/7a591f9a/SPAL-Sampdoria-March-3-2019-Serie-A
Serie A,M,ITA,2019,NA,26,Sun,2019-03-03,15:00,Genoa,0,0.9,Frosinone,0,0.2,19920,Stadio Comunale Luigi Ferraris,Maurizio Mariani,NA,https://fbref.com/en/matches/0fe45804/Genoa-Frosinone-March-3-2019-Serie-A
Serie A,M,ITA,2019,NA,26,Sun,2019-03-03,15:00,Udinese,2,1.5,Bologna,1,1.6,18349,Dacia Arena,Davide Massa,NA,https://fbref.com/en/matches/8be4be91/Udinese-Bologna-March-3-2019-Serie-A
Serie A,M,ITA,2019,NA,26,Sun,2019-03-03,18:00,Atalanta,3,1.7,Fiorentina,1,0.4,18796,Stadio Atleti Azzurri d'Italia,Marco Guida,NA,https://fbref.com/en/matches/db6162b0/Atalanta-Fiorentina-March-3-2019-Serie-A
Serie A,M,ITA,2019,NA,26,Sun,2019-03-03,20:30,Napoli,1,2.1,Juventus,2,0.3,42667,Stadio San Paolo,Gianluca Rocchi,NA,https://fbref.com/en/matches/d15eae70/Napoli-Juventus-March-3-2019-Serie-A
Serie A,M,ITA,2019,NA,27,Fri,2019-03-08,20:30,Juventus,4,2.3,Udinese,1,0.2,39987,Allianz Stadium,Daniele Chiffi,NA,https://fbref.com/en/matches/47801492/Juventus-Udinese-March-8-2019-Serie-A
Serie A,M,ITA,2019,NA,27,Sat,2019-03-09,18:00,Parma,1,1.7,Genoa,0,0.9,14787,Stadio Ennio Tardini,Juan Sacchi,NA,https://fbref.com/en/matches/4aacbaf2/Parma-Genoa-March-9-2019-Serie-A
Serie A,M,ITA,2019,NA,27,Sat,2019-03-09,20:30,Chievo,1,0.3,Milan,2,1.4,20000,Stadio Marc'Antonio Bentegodi,Luca Pairetto,NA,https://fbref.com/en/matches/f06bc6f3/Chievo-Milan-March-9-2019-Serie-A
Serie A,M,ITA,2019,NA,27,Sun,2019-03-10,12:30,Bologna,2,3.3,Cagliari,0,0.8,20557,Stadio Renato Dall'Ara,Massimiliano Irrati,NA,https://fbref.com/en/matches/217e2a62/Bologna-Cagliari-March-10-2019-Serie-A
Serie A,M,ITA,2019,NA,27,Sun,2019-03-10,15:00,Inter,2,0.8,SPAL,0,0.2,61339,Stadio Giuseppe Meazza,Giampaolo Calvarese,NA,https://fbref.com/en/matches/b176e7e7/Internazionale-SPAL-March-10-2019-Serie-A
Serie A,M,ITA,2019,NA,27,Sun,2019-03-10,15:00,Frosinone,1,1,Torino,2,1.1,14165,Stadio Benito Stirpe,Piero Giacomelli,NA,https://fbref.com/en/matches/62b437d1/Frosinone-Torino-March-10-2019-Serie-A
Serie A,M,ITA,2019,NA,27,Sun,2019-03-10,15:00,Sampdoria,1,2.1,Atalanta,2,2.3,20896,Stadio Comunale Luigi Ferraris,Michael Fabbri,NA,https://fbref.com/en/matches/38ee4d56/Sampdoria-Atalanta-March-10-2019-Serie-A
Serie A,M,ITA,2019,NA,27,Sun,2019-03-10,18:00,Sassuolo,1,1.2,Napoli,1,0.8,14969,Stadio Città del Tricolore,Gianluca Manganiello,NA,https://fbref.com/en/matches/bdc82dc7/Sassuolo-Napoli-March-10-2019-Serie-A
Serie A,M,ITA,2019,NA,27,Sun,2019-03-10,20:30,Fiorentina,1,0.8,Lazio,1,1.1,28727,Stadio Artemio Franchi,Daniele Orsato,NA,https://fbref.com/en/matches/441f5f3b/Fiorentina-Lazio-March-10-2019-Serie-A
Serie A,M,ITA,2019,NA,27,Mon,2019-03-11,20:30,Roma,2,1,Empoli,1,0.3,34508,Stadio Olimpico,Fabio Maresca,NA,https://fbref.com/en/matches/a87ba598/Roma-Empoli-March-11-2019-Serie-A
Serie A,M,ITA,2019,NA,28,Fri,2019-03-15,20:30,Cagliari,2,1.8,Fiorentina,1,0.7,14735,Sardegna Arena,Daniele Doveri,NA,https://fbref.com/en/matches/f10d5252/Cagliari-Fiorentina-March-15-2019-Serie-A
Serie A,M,ITA,2019,NA,28,Sat,2019-03-16,15:00,Sassuolo,3,1.6,Sampdoria,5,2.4,11193,Stadio Città del Tricolore,Federico Dionisi,NA,https://fbref.com/en/matches/1d194af8/Sassuolo-Sampdoria-March-16-2019-Serie-A
Serie A,M,ITA,2019,NA,28,Sat,2019-03-16,18:00,SPAL,2,1.2,Roma,1,1.7,15089,Stadio Paolo Mazza,Gianluca Rocchi,NA,https://fbref.com/en/matches/2358076d/SPAL-Roma-March-16-2019-Serie-A
Serie A,M,ITA,2019,NA,28,Sat,2019-03-16,20:30,Torino,2,1.5,Bologna,3,2,24863,Stadio Olimpico di Torino,Maurizio Mariani,NA,https://fbref.com/en/matches/a58f204d/Torino-Bologna-March-16-2019-Serie-A
Serie A,M,ITA,2019,NA,28,Sun,2019-03-17,12:30,Genoa,2,1.3,Juventus,0,0.3,30695,Stadio Comunale Luigi Ferraris,Marco Di Bello,NA,https://fbref.com/en/matches/95b365ff/Genoa-Juventus-March-17-2019-Serie-A
Serie A,M,ITA,2019,NA,28,Sun,2019-03-17,15:00,Empoli,2,2.7,Frosinone,1,1.7,10000,Stadio Carlo Castellani,Davide Massa,NA,https://fbref.com/en/matches/986a778f/Empoli-Frosinone-March-17-2019-Serie-A
Serie A,M,ITA,2019,NA,28,Sun,2019-03-17,15:00,Atalanta,1,1.7,Chievo,1,0.7,18537,Stadio Atleti Azzurri d'Italia,Massimiliano Irrati,NA,https://fbref.com/en/matches/dabb32bf/Atalanta-Chievo-March-17-2019-Serie-A
Serie A,M,ITA,2019,NA,28,Sun,2019-03-17,15:00,Lazio,4,1.7,Parma,1,0.4,38000,Stadio Olimpico,Luca Banti,NA,https://fbref.com/en/matches/53a91c21/Lazio-Parma-March-17-2019-Serie-A
Serie A,M,ITA,2019,NA,28,Sun,2019-03-17,18:00,Napoli,4,1,Udinese,2,0.8,25718,Stadio San Paolo,Paolo Valeri,NA,https://fbref.com/en/matches/afb1785f/Napoli-Udinese-March-17-2019-Serie-A
Serie A,M,ITA,2019,NA,28,Sun,2019-03-17,20:30,Milan,2,0.9,Inter,3,2.6,77749,Stadio Giuseppe Meazza,Marco Guida,NA,https://fbref.com/en/matches/43ce914b/Derby-della-Madonnina-Milan-Internazionale-March-17-2019-Serie-A
Serie A,M,ITA,2019,NA,29,Fri,2019-03-29,20:30,Chievo,0,0.9,Cagliari,3,1,10000,Stadio Marc'Antonio Bentegodi,Rosario Abisso,NA,https://fbref.com/en/matches/a1e7bf67/Chievo-Cagliari-March-29-2019-Serie-A
Serie A,M,ITA,2019,NA,29,Sat,2019-03-30,15:00,Udinese,2,2.1,Genoa,0,2.2,17072,Dacia Arena,Luca Pairetto,NA,https://fbref.com/en/matches/68307758/Udinese-Genoa-March-30-2019-Serie-A
Serie A,M,ITA,2019,NA,29,Sat,2019-03-30,18:00,Juventus,1,1.5,Empoli,0,0.3,39290,Allianz Stadium,Federico La Penna,NA,https://fbref.com/en/matches/dcc2327a/Juventus-Empoli-March-30-2019-Serie-A
Serie A,M,ITA,2019,NA,29,Sat,2019-03-30,20:30,Sampdoria,1,1.9,Milan,0,0.7,23475,Stadio Comunale Luigi Ferraris,Daniele Orsato,NA,https://fbref.com/en/matches/c8b505cc/Sampdoria-Milan-March-30-2019-Serie-A
Serie A,M,ITA,2019,NA,29,Sun,2019-03-31,12:30,Parma,1,1,Atalanta,3,3.8,18168,Stadio Ennio Tardini,Daniele Chiffi,NA,https://fbref.com/en/matches/08f5ed01/Parma-Atalanta-March-31-2019-Serie-A
Serie A,M,ITA,2019,NA,29,Sun,2019-03-31,15:00,Frosinone,0,1.3,SPAL,1,0.2,12969,Stadio Benito Stirpe,Marco Di Bello,NA,https://fbref.com/en/matches/8f079cec/Frosinone-SPAL-March-31-2019-Serie-A
Serie A,M,ITA,2019,NA,29,Sun,2019-03-31,15:00,Roma,1,2,Napoli,4,1.7,36525,Stadio Olimpico,Giampaolo Calvarese,NA,https://fbref.com/en/matches/899b2a26/Derby-del-Sole-Roma-Napoli-March-31-2019-Serie-A
Serie A,M,ITA,2019,NA,29,Sun,2019-03-31,15:00,Fiorentina,1,2.4,Torino,1,0.5,36707,Stadio Artemio Franchi,Fabrizio Pasqua,NA,https://fbref.com/en/matches/74c73f8d/Fiorentina-Torino-March-31-2019-Serie-A
Serie A,M,ITA,2019,NA,29,Sun,2019-03-31,18:00,Bologna,2,1.7,Sassuolo,1,0.7,23551,Stadio Renato Dall'Ara,Marco Guida,NA,https://fbref.com/en/matches/155d33cf/Bologna-Sassuolo-March-31-2019-Serie-A
Serie A,M,ITA,2019,NA,29,Sun,2019-03-31,20:30,Inter,0,1.1,Lazio,1,1.4,56348,Stadio Giuseppe Meazza,Paolo Mazzoleni,NA,https://fbref.com/en/matches/16e9baf7/Internazionale-Lazio-March-31-2019-Serie-A
Serie A,M,ITA,2019,NA,3,Fri,2018-08-31,20:30,Milan,2,1.9,Roma,1,0.3,57789,Stadio Giuseppe Meazza,Marco Guida,NA,https://fbref.com/en/matches/ef299e2b/Milan-Roma-August-31-2018-Serie-A
Serie A,M,ITA,2019,NA,3,Sat,2018-09-01,18:00,Bologna,0,0.5,Inter,3,1.9,26082,Stadio Renato Dall'Ara,Marco Di Bello,NA,https://fbref.com/en/matches/9ff54a39/Bologna-Internazionale-September-1-2018-Serie-A
Serie A,M,ITA,2019,NA,3,Sat,2018-09-01,20:30,Parma,1,1.9,Juventus,2,2.3,20814,Stadio Ennio Tardini,Daniele Doveri,NA,https://fbref.com/en/matches/c43bd14a/Parma-Juventus-September-1-2018-Serie-A
Serie A,M,ITA,2019,NA,3,Sun,2018-09-02,18:00,Fiorentina,1,0.9,Udinese,0,0.2,31009,Stadio Artemio Franchi,Antonio Giua,NA,https://fbref.com/en/matches/10a124a6/Fiorentina-Udinese-September-2-2018-Serie-A
Serie A,M,ITA,2019,NA,3,Sun,2018-09-02,20:30,Atalanta,0,0.4,Cagliari,1,0.3,17709,Stadio Atleti Azzurri d'Italia,Fabio Maresca,NA,https://fbref.com/en/matches/cafe7e69/Atalanta-Cagliari-September-2-2018-Serie-A
Serie A,M,ITA,2019,NA,3,Sun,2018-09-02,20:30,Torino,1,2,SPAL,0,0.9,17785,Stadio Olimpico di Torino,Fabrizio Pasqua,NA,https://fbref.com/en/matches/69be40b5/Torino-SPAL-September-2-2018-Serie-A
Serie A,M,ITA,2019,NA,3,Sun,2018-09-02,20:30,Chievo,0,1.1,Empoli,0,1.2,8100,Stadio Marc'Antonio Bentegodi,Piero Giacomelli,NA,https://fbref.com/en/matches/70877c73/Chievo-Empoli-September-2-2018-Serie-A
Serie A,M,ITA,2019,NA,3,Sun,2018-09-02,20:30,Lazio,1,2.6,Frosinone,0,0.5,34465,Stadio Olimpico,Giampaolo Calvarese,NA,https://fbref.com/en/matches/f0ed203e/Lazio-Frosinone-September-2-2018-Serie-A
Serie A,M,ITA,2019,NA,3,Sun,2018-09-02,20:30,Sampdoria,3,0.8,Napoli,0,1.2,19835,Stadio Comunale Luigi Ferraris,Davide Massa,NA,https://fbref.com/en/matches/ada597b6/Sampdoria-Napoli-September-2-2018-Serie-A
Serie A,M,ITA,2019,NA,3,Sun,2018-09-02,20:30,Sassuolo,5,1.7,Genoa,3,1.9,9740,Stadio Città del Tricolore,Gianluca Rocchi,NA,https://fbref.com/en/matches/fa044ae0/Sassuolo-Genoa-September-2-2018-Serie-A
Serie A,M,ITA,2019,NA,30,Tue,2019-04-02,19:00,Milan,1,1.9,Udinese,1,1,49665,Stadio Giuseppe Meazza,Luca Banti,NA,https://fbref.com/en/matches/ac341e97/Milan-Udinese-April-2-2019-Serie-A
Serie A,M,ITA,2019,NA,30,Tue,2019-04-02,21:00,Cagliari,0,0.5,Juventus,2,2.5,15958,Sardegna Arena,Piero Giacomelli,NA,https://fbref.com/en/matches/15ca67ec/Cagliari-Juventus-April-2-2019-Serie-A
Serie A,M,ITA,2019,NA,30,Wed,2019-04-03,19:00,Empoli,2,1.2,Napoli,1,0.7,10911,Stadio Carlo Castellani,Daniele Doveri,NA,https://fbref.com/en/matches/b226a295/Empoli-Napoli-April-3-2019-Serie-A
Serie A,M,ITA,2019,NA,30,Wed,2019-04-03,21:00,SPAL,1,1.2,Lazio,0,0.6,13415,Stadio Paolo Mazza,Marco Guida,NA,https://fbref.com/en/matches/723e9b4c/SPAL-Lazio-April-3-2019-Serie-A
Serie A,M,ITA,2019,NA,30,Wed,2019-04-03,21:00,Frosinone,3,1.9,Parma,2,2.1,12285,Stadio Benito Stirpe,Gianluca Manganiello,NA,https://fbref.com/en/matches/2acb1020/Frosinone-Parma-April-3-2019-Serie-A
Serie A,M,ITA,2019,NA,30,Wed,2019-04-03,21:00,Torino,2,0.8,Sampdoria,1,0.2,22618,Stadio Olimpico di Torino,Fabio Maresca,NA,https://fbref.com/en/matches/105c028d/Torino-Sampdoria-April-3-2019-Serie-A
Serie A,M,ITA,2019,NA,30,Wed,2019-04-03,21:00,Roma,2,1.2,Fiorentina,2,0.7,30123,Stadio Olimpico,Davide Massa,NA,https://fbref.com/en/matches/7fca599d/Roma-Fiorentina-April-3-2019-Serie-A
Serie A,M,ITA,2019,NA,30,Wed,2019-04-03,21:00,Genoa,0,0.6,Inter,4,2.4,21865,Stadio Comunale Luigi Ferraris,Maurizio Mariani,NA,https://fbref.com/en/matches/6774a839/Genoa-Internazionale-April-3-2019-Serie-A
Serie A,M,ITA,2019,NA,30,Thu,2019-04-04,19:00,Sassuolo,4,1.6,Chievo,0,1.6,9193,Stadio Città del Tricolore,Lorenzo Maggioni,NA,https://fbref.com/en/matches/36e67e70/Sassuolo-Chievo-April-4-2019-Serie-A
Serie A,M,ITA,2019,NA,30,Thu,2019-04-04,21:00,Atalanta,4,1.4,Bologna,1,0.7,18441,Stadio Atleti Azzurri d'Italia,Gianluca Rocchi,NA,https://fbref.com/en/matches/04fdc080/Atalanta-Bologna-April-4-2019-Serie-A
Serie A,M,ITA,2019,NA,31,Sat,2019-04-06,15:00,Parma,0,0.6,Torino,0,0.9,16924,Stadio Ennio Tardini,Daniele Doveri,NA,https://fbref.com/en/matches/312a8eec/Parma-Torino-April-6-2019-Serie-A
Serie A,M,ITA,2019,NA,31,Sat,2019-04-06,18:00,Juventus,2,1.9,Milan,1,1.3,40057,Allianz Stadium,Michael Fabbri,NA,https://fbref.com/en/matches/34490630/Juventus-Milan-April-6-2019-Serie-A
Serie A,M,ITA,2019,NA,31,Sat,2019-04-06,20:30,Sampdoria,0,1.5,Roma,1,1.7,19594,Stadio Comunale Luigi Ferraris,Paolo Mazzoleni,NA,https://fbref.com/en/matches/737bcbc5/Sampdoria-Roma-April-6-2019-Serie-A
Serie A,M,ITA,2019,NA,31,Sun,2019-04-07,12:30,Fiorentina,0,1.3,Frosinone,1,0.5,26958,Stadio Artemio Franchi,Daniele Chiffi,NA,https://fbref.com/en/matches/511b7cca/Fiorentina-Frosinone-April-7-2019-Serie-A
Serie A,M,ITA,2019,NA,31,Sun,2019-04-07,15:00,Cagliari,2,2.2,SPAL,1,1.4,16121,Sardegna Arena,Luca Banti,NA,https://fbref.com/en/matches/3fbc2efb/Cagliari-SPAL-April-7-2019-Serie-A
Serie A,M,ITA,2019,NA,31,Sun,2019-04-07,15:00,Udinese,3,2,Empoli,2,1.5,22537,Dacia Arena,Daniele Orsato,NA,https://fbref.com/en/matches/1a6269b4/Udinese-Empoli-April-7-2019-Serie-A
Serie A,M,ITA,2019,NA,31,Sun,2019-04-07,18:00,Inter,0,1,Atalanta,0,1.3,35000,Stadio Giuseppe Meazza,Massimiliano Irrati,NA,https://fbref.com/en/matches/65a31486/Internazionale-Atalanta-April-7-2019-Serie-A
Serie A,M,ITA,2019,NA,31,Sun,2019-04-07,18:00,Lazio,2,3.2,Sassuolo,2,1.3,37487,Stadio Olimpico,Rosario Abisso,NA,https://fbref.com/en/matches/dddb4044/Lazio-Sassuolo-April-7-2019-Serie-A
Serie A,M,ITA,2019,NA,31,Sun,2019-04-07,20:30,Napoli,1,1.7,Genoa,1,1.1,22935,Stadio San Paolo,Fabrizio Pasqua,NA,https://fbref.com/en/matches/e3050567/Napoli-Genoa-April-7-2019-Serie-A
Serie A,M,ITA,2019,NA,31,Mon,2019-04-08,20:30,Bologna,3,3.1,Chievo,0,0.4,19107,Stadio Renato Dall'Ara,Luca Pairetto,NA,https://fbref.com/en/matches/77701df4/Bologna-Chievo-April-8-2019-Serie-A
Serie A,M,ITA,2019,NA,32,Sat,2019-04-13,15:00,SPAL,2,1.2,Juventus,1,0.5,16000,Stadio Paolo Mazza,Daniele Doveri,NA,https://fbref.com/en/matches/0dd752fd/SPAL-Juventus-April-13-2019-Serie-A
Serie A,M,ITA,2019,NA,32,Sat,2019-04-13,18:00,Roma,1,1.4,Udinese,0,0.6,34449,Stadio Olimpico,Marco Di Bello,NA,https://fbref.com/en/matches/541cf9c1/Roma-Udinese-April-13-2019-Serie-A
Serie A,M,ITA,2019,NA,32,Sat,2019-04-13,20:30,Milan,1,1.6,Lazio,0,1.2,61216,Stadio Giuseppe Meazza,Gianluca Rocchi,NA,https://fbref.com/en/matches/af998b46/Milan-Lazio-April-13-2019-Serie-A
Serie A,M,ITA,2019,NA,32,Sun,2019-04-14,12:30,Torino,1,1.3,Cagliari,1,0.9,23869,Stadio Olimpico di Torino,Massimiliano Irrati,NA,https://fbref.com/en/matches/cc1e9cf0/Torino-Cagliari-April-14-2019-Serie-A
Serie A,M,ITA,2019,NA,32,Sun,2019-04-14,15:00,Fiorentina,0,0.8,Bologna,0,0.2,29394,Stadio Artemio Franchi,Piero Giacomelli,NA,https://fbref.com/en/matches/cfea3d7e/Derby-dellAppennino-Fiorentina-Bologna-April-14-2019-Serie-A
Serie A,M,ITA,2019,NA,32,Sun,2019-04-14,15:00,Sassuolo,0,1.2,Parma,0,0.9,12538,Stadio Città del Tricolore,Marco Piccinini,NA,https://fbref.com/en/matches/ef13f45d/Sassuolo-Parma-April-14-2019-Serie-A
Serie A,M,ITA,2019,NA,32,Sun,2019-04-14,15:00,Sampdoria,2,2.6,Genoa,0,1,30548,Stadio Comunale Luigi Ferraris,Giampaolo Calvarese,NA,https://fbref.com/en/matches/b0ce8040/Sampdoria-Genoa-April-14-2019-Serie-A
Serie A,M,ITA,2019,NA,32,Sun,2019-04-14,18:00,Chievo,1,0.2,Napoli,3,1.1,13500,Stadio Marc'Antonio Bentegodi,Federico La Penna,NA,https://fbref.com/en/matches/ddbe6f8f/Chievo-Napoli-April-14-2019-Serie-A
Serie A,M,ITA,2019,NA,32,Sun,2019-04-14,20:30,Frosinone,1,0.9,Inter,3,3,15856,Stadio Benito Stirpe,Davide Massa,NA,https://fbref.com/en/matches/bbc26d12/Frosinone-Internazionale-April-14-2019-Serie-A
Serie A,M,ITA,2019,NA,32,Mon,2019-04-15,20:30,Atalanta,0,5.4,Empoli,0,0.2,19229,Stadio Atleti Azzurri d'Italia,Gianluca Manganiello,NA,https://fbref.com/en/matches/b0b17ccb/Atalanta-Empoli-April-15-2019-Serie-A
Serie A,M,ITA,2019,NA,33,Sat,2019-04-20,12:30,Parma,1,1,Milan,1,0.7,20018,Stadio Ennio Tardini,Paolo Valeri,NA,https://fbref.com/en/matches/418c6bc2/Parma-Milan-April-20-2019-Serie-A
Serie A,M,ITA,2019,NA,33,Sat,2019-04-20,15:00,Udinese,1,1.1,Sassuolo,1,0.7,21000,Dacia Arena,Luca Pairetto,NA,https://fbref.com/en/matches/de9ac7de/Udinese-Sassuolo-April-20-2019-Serie-A
Serie A,M,ITA,2019,NA,33,Sat,2019-04-20,15:00,Bologna,3,1.1,Sampdoria,0,0.6,21391,Stadio Renato Dall'Ara,Maurizio Mariani,NA,https://fbref.com/en/matches/040610a5/Bologna-Sampdoria-April-20-2019-Serie-A
Serie A,M,ITA,2019,NA,33,Sat,2019-04-20,15:00,Genoa,0,1,Torino,1,0.7,8000,Stadio Comunale Luigi Ferraris,Daniele Doveri,NA,https://fbref.com/en/matches/ced608c5/Genoa-Torino-April-20-2019-Serie-A
Serie A,M,ITA,2019,NA,33,Sat,2019-04-20,15:00,Cagliari,1,1.4,Frosinone,0,0.9,16095,Sardegna Arena,Rosario Abisso,NA,https://fbref.com/en/matches/2328473d/Cagliari-Frosinone-April-20-2019-Serie-A
Serie A,M,ITA,2019,NA,33,Sat,2019-04-20,15:00,Lazio,1,2,Chievo,2,0.9,25000,Stadio Olimpico,Daniele Chiffi,NA,https://fbref.com/en/matches/66eecd82/Lazio-Chievo-April-20-2019-Serie-A
Serie A,M,ITA,2019,NA,33,Sat,2019-04-20,15:00,Empoli,2,1.7,SPAL,4,1.4,10444,Stadio Carlo Castellani,Gianluca Rocchi,NA,https://fbref.com/en/matches/99fdf87b/Empoli-SPAL-April-20-2019-Serie-A
Serie A,M,ITA,2019,NA,33,Sat,2019-04-20,18:00,Juventus,2,1,Fiorentina,1,1.5,40339,Allianz Stadium,Fabrizio Pasqua,NA,https://fbref.com/en/matches/adad97cc/Juventus-Fiorentina-April-20-2019-Serie-A
Serie A,M,ITA,2019,NA,33,Sat,2019-04-20,20:30,Inter,1,1.6,Roma,1,0.5,60013,Stadio Giuseppe Meazza,Marco Guida,NA,https://fbref.com/en/matches/059480bb/Internazionale-Roma-April-20-2019-Serie-A
Serie A,M,ITA,2019,NA,33,Mon,2019-04-22,19:00,Napoli,1,1.6,Atalanta,2,1.4,19604,Stadio San Paolo,Daniele Orsato,NA,https://fbref.com/en/matches/79e54148/Napoli-Atalanta-April-22-2019-Serie-A
Serie A,M,ITA,2019,NA,34,Sat,2019-04-27,15:00,Bologna,3,1.7,Empoli,1,0.5,25189,Stadio Renato Dall'Ara,Paolo Valeri,NA,https://fbref.com/en/matches/4ec0aff3/Bologna-Empoli-April-27-2019-Serie-A
Serie A,M,ITA,2019,NA,34,Sat,2019-04-27,18:00,Roma,3,2.7,Cagliari,0,0.6,35964,Stadio Olimpico,Gianluca Manganiello,NA,https://fbref.com/en/matches/841a3085/Roma-Cagliari-April-27-2019-Serie-A
Serie A,M,ITA,2019,NA,34,Sat,2019-04-27,20:30,Inter,1,1.1,Juventus,1,0.6,73855,Stadio Giuseppe Meazza,Luca Banti,NA,https://fbref.com/en/matches/76d8414a/Derby-dItalia-Internazionale-Juventus-April-27-2019-Serie-A
Serie A,M,ITA,2019,NA,34,Sun,2019-04-28,12:30,Frosinone,0,1.3,Napoli,2,1.8,13600,Stadio Benito Stirpe,Federico La Penna,NA,https://fbref.com/en/matches/a1070c1e/Frosinone-Napoli-April-28-2019-Serie-A
Serie A,M,ITA,2019,NA,34,Sun,2019-04-28,15:00,Chievo,1,0.8,Parma,1,0.5,7000,Stadio Marc'Antonio Bentegodi,Juan Sacchi,NA,https://fbref.com/en/matches/0b3beee3/Chievo-Parma-April-28-2019-Serie-A
Serie A,M,ITA,2019,NA,34,Sun,2019-04-28,15:00,SPAL,1,1,Genoa,1,1.1,13563,Stadio Paolo Mazza,Davide Massa,NA,https://fbref.com/en/matches/3c377f8d/SPAL-Genoa-April-28-2019-Serie-A
Serie A,M,ITA,2019,NA,34,Sun,2019-04-28,18:00,Sampdoria,1,1.8,Lazio,2,1.5,18450,Stadio Comunale Luigi Ferraris,Fabio Maresca,NA,https://fbref.com/en/matches/cb8470ac/Sampdoria-Lazio-April-28-2019-Serie-A
Serie A,M,ITA,2019,NA,34,Sun,2019-04-28,20:30,Torino,2,1.3,Milan,0,0.6,26849,Stadio Olimpico di Torino,Marco Guida,NA,https://fbref.com/en/matches/f7d2850b/Torino-Milan-April-28-2019-Serie-A
Serie A,M,ITA,2019,NA,34,Mon,2019-04-29,19:00,Atalanta,2,2,Udinese,0,0.2,18663,Stadio Atleti Azzurri d'Italia,Piero Giacomelli,NA,https://fbref.com/en/matches/79520ce8/Atalanta-Udinese-April-29-2019-Serie-A
Serie A,M,ITA,2019,NA,34,Mon,2019-04-29,21:00,Fiorentina,0,1.2,Sassuolo,1,1.3,25567,Stadio Artemio Franchi,Francesco Fourneau,NA,https://fbref.com/en/matches/242449b2/Fiorentina-Sassuolo-April-29-2019-Serie-A
Serie A,M,ITA,2019,NA,35,Fri,2019-05-03,20:30,Juventus,1,1.5,Torino,1,0.6,38530,Allianz Stadium,Daniele Orsato,NA,https://fbref.com/en/matches/66d3def3/Juventus-Torino-May-3-2019-Serie-A
Serie A,M,ITA,2019,NA,35,Sat,2019-05-04,18:00,Chievo,0,0.5,SPAL,4,2,10000,Stadio Marc'Antonio Bentegodi,Riccardo Ros,NA,https://fbref.com/en/matches/99d97178/Chievo-SPAL-May-4-2019-Serie-A
Serie A,M,ITA,2019,NA,35,Sat,2019-05-04,20:30,Udinese,0,0.4,Inter,0,2,24741,Dacia Arena,Gianluca Rocchi,NA,https://fbref.com/en/matches/dd61f5f7/Udinese-Internazionale-May-4-2019-Serie-A
Serie A,M,ITA,2019,NA,35,Sun,2019-05-05,12:30,Empoli,1,0.9,Fiorentina,0,3.1,8285,Stadio Carlo Castellani,Massimiliano Irrati,NA,https://fbref.com/en/matches/ee093649/Empoli-Fiorentina-May-5-2019-Serie-A
Serie A,M,ITA,2019,NA,35,Sun,2019-05-05,15:00,Parma,3,2.4,Sampdoria,3,2.4,16992,Stadio Ennio Tardini,Michael Fabbri,NA,https://fbref.com/en/matches/97d17b3e/Parma-Sampdoria-May-5-2019-Serie-A
Serie A,M,ITA,2019,NA,35,Sun,2019-05-05,15:00,Sassuolo,2,2,Frosinone,2,0.9,10073,Stadio Città del Tricolore,Antonio Giua,NA,https://fbref.com/en/matches/c4472eb4/Sassuolo-Frosinone-May-5-2019-Serie-A
Serie A,M,ITA,2019,NA,35,Sun,2019-05-05,15:00,Lazio,1,0.3,Atalanta,3,1.9,25000,Stadio Olimpico,Giampaolo Calvarese,NA,https://fbref.com/en/matches/7fb9b40e/Lazio-Atalanta-May-5-2019-Serie-A
Serie A,M,ITA,2019,NA,35,Sun,2019-05-05,18:00,Genoa,1,2.2,Roma,1,0.9,20703,Stadio Comunale Luigi Ferraris,Paolo Mazzoleni,NA,https://fbref.com/en/matches/f3bd0f47/Genoa-Roma-May-5-2019-Serie-A
Serie A,M,ITA,2019,NA,35,Sun,2019-05-05,20:30,Napoli,2,1.9,Cagliari,1,0.3,16171,Stadio San Paolo,Daniele Chiffi,NA,https://fbref.com/en/matches/266a0e3e/Napoli-Cagliari-May-5-2019-Serie-A
Serie A,M,ITA,2019,NA,35,Mon,2019-05-06,20:30,Milan,2,1.1,Bologna,1,1.1,51472,Stadio Giuseppe Meazza,Marco Di Bello,NA,https://fbref.com/en/matches/68d458a8/Milan-Bologna-May-6-2019-Serie-A
Serie A,M,ITA,2019,NA,36,Sat,2019-05-11,15:00,Atalanta,2,1.6,Genoa,1,1.8,12000,Stadio Atleti Azzurri d'Italia,Massimiliano Irrati,NA,https://fbref.com/en/matches/6cf7fca8/Atalanta-Genoa-May-11-2019-Serie-A
Serie A,M,ITA,2019,NA,36,Sat,2019-05-11,18:00,Cagliari,1,1.4,Lazio,2,1.7,16179,Sardegna Arena,Michael Fabbri,NA,https://fbref.com/en/matches/f9f11372/Cagliari-Lazio-May-11-2019-Serie-A
Serie A,M,ITA,2019,NA,36,Sat,2019-05-11,20:30,Fiorentina,0,0.9,Milan,1,0.8,33250,Stadio Artemio Franchi,Maurizio Mariani,NA,https://fbref.com/en/matches/abbe78ad/Fiorentina-Milan-May-11-2019-Serie-A
Serie A,M,ITA,2019,NA,36,Sun,2019-05-12,12:30,Torino,3,3.6,Sassuolo,2,1,25360,Stadio Olimpico di Torino,Piero Giacomelli,NA,https://fbref.com/en/matches/5635db0b/Torino-Sassuolo-May-12-2019-Serie-A
Serie A,M,ITA,2019,NA,36,Sun,2019-05-12,15:00,Sampdoria,1,1.8,Empoli,2,2.1,19034,Stadio Comunale Luigi Ferraris,Daniele Doveri,NA,https://fbref.com/en/matches/8133d8c8/Sampdoria-Empoli-May-12-2019-Serie-A
Serie A,M,ITA,2019,NA,36,Sun,2019-05-12,15:00,Frosinone,1,1.8,Udinese,3,2,12261,Stadio Benito Stirpe,Fabrizio Pasqua,NA,https://fbref.com/en/matches/110b46f1/Frosinone-Udinese-May-12-2019-Serie-A
Serie A,M,ITA,2019,NA,36,Sun,2019-05-12,18:00,SPAL,1,2.1,Napoli,2,1.7,14175,Stadio Paolo Mazza,Eugenio Abbattista,NA,https://fbref.com/en/matches/99a9e780/SPAL-Napoli-May-12-2019-Serie-A
Serie A,M,ITA,2019,NA,36,Sun,2019-05-12,20:30,Roma,2,1.4,Juventus,0,1,50825,Stadio Olimpico,Davide Massa,NA,https://fbref.com/en/matches/fc92e708/Roma-Juventus-May-12-2019-Serie-A
Serie A,M,ITA,2019,NA,36,Mon,2019-05-13,19:00,Bologna,4,1.5,Parma,1,0.6,20656,Stadio Renato Dall'Ara,Luca Pairetto,NA,https://fbref.com/en/matches/9e39f210/Bologna-Parma-May-13-2019-Serie-A
Serie A,M,ITA,2019,NA,36,Mon,2019-05-13,21:00,Inter,2,1.8,Chievo,0,0.2,57855,Stadio Giuseppe Meazza,Paolo Valeri,NA,https://fbref.com/en/matches/6a1049e8/Internazionale-Chievo-May-13-2019-Serie-A
Serie A,M,ITA,2019,NA,37,Sat,2019-05-18,15:00,Udinese,3,0.8,SPAL,2,1.1,24614,Dacia Arena,Michael Fabbri,NA,https://fbref.com/en/matches/8c2beef6/Udinese-SPAL-May-18-2019-Serie-A
Serie A,M,ITA,2019,NA,37,Sat,2019-05-18,18:00,Genoa,1,2.2,Cagliari,1,0.4,22768,Stadio Comunale Luigi Ferraris,Paolo Valeri,NA,https://fbref.com/en/matches/706c1702/Genoa-Cagliari-May-18-2019-Serie-A
Serie A,M,ITA,2019,NA,37,Sat,2019-05-18,20:30,Sassuolo,0,1.1,Roma,0,1.9,12914,Stadio Città del Tricolore,Fabio Maresca,NA,https://fbref.com/en/matches/edddee0b/Sassuolo-Roma-May-18-2019-Serie-A
Serie A,M,ITA,2019,NA,37,Sun,2019-05-19,12:30,Chievo,0,0.7,Sampdoria,0,0.8,10000,Stadio Marc'Antonio Bentegodi,Gianluca Aureliano,NA,https://fbref.com/en/matches/57250097/Chievo-Sampdoria-May-19-2019-Serie-A
Serie A,M,ITA,2019,NA,37,Sun,2019-05-19,15:00,Empoli,4,2.6,Torino,1,1.1,10344,Stadio Carlo Castellani,Paolo Mazzoleni,NA,https://fbref.com/en/matches/a24a5e34/Empoli-Torino-May-19-2019-Serie-A
Serie A,M,ITA,2019,NA,37,Sun,2019-05-19,15:00,Parma,1,0.6,Fiorentina,0,1.1,17333,Stadio Ennio Tardini,Piero Giacomelli,NA,https://fbref.com/en/matches/79e418aa/Parma-Fiorentina-May-19-2019-Serie-A
Serie A,M,ITA,2019,NA,37,Sun,2019-05-19,18:00,Milan,2,1.7,Frosinone,0,2.2,61765,Stadio Giuseppe Meazza,Gianluca Manganiello,NA,https://fbref.com/en/matches/70014f82/Milan-Frosinone-May-19-2019-Serie-A
Serie A,M,ITA,2019,NA,37,Sun,2019-05-19,20:30,Napoli,4,1.2,Inter,1,2.2,25445,Stadio San Paolo,Daniele Doveri,NA,https://fbref.com/en/matches/57d45e71/Napoli-Internazionale-May-19-2019-Serie-A
Serie A,M,ITA,2019,NA,37,Sun,2019-05-19,20:30,Juventus,1,1,Atalanta,1,1.3,39531,Allianz Stadium,Gianluca Rocchi,NA,https://fbref.com/en/matches/382938bc/Juventus-Atalanta-May-19-2019-Serie-A
Serie A,M,ITA,2019,NA,37,Mon,2019-05-20,20:30,Lazio,3,2.1,Bologna,3,2.6,25000,Stadio Olimpico,Fabrizio Pasqua,NA,https://fbref.com/en/matches/7ec09edd/Lazio-Bologna-May-20-2019-Serie-A
Serie A,M,ITA,2019,NA,38,Sat,2019-05-25,18:00,Frosinone,0,0.8,Chievo,0,0.1,12167,Stadio Benito Stirpe,Antonio Di Martino,NA,https://fbref.com/en/matches/9386e11d/Frosinone-Chievo-May-25-2019-Serie-A
Serie A,M,ITA,2019,NA,38,Sat,2019-05-25,20:30,Bologna,3,1,Napoli,2,1.9,19351,Stadio Renato Dall'Ara,Aleandro Di Paolo,NA,https://fbref.com/en/matches/32105364/Bologna-Napoli-May-25-2019-Serie-A
Serie A,M,ITA,2019,NA,38,Sun,2019-05-26,15:00,Torino,3,2.2,Lazio,1,1,24428,Stadio Olimpico di Torino,Rosario Abisso,NA,https://fbref.com/en/matches/84339198/Torino-Lazio-May-26-2019-Serie-A
Serie A,M,ITA,2019,NA,38,Sun,2019-05-26,18:00,Sampdoria,2,0.7,Juventus,0,0.5,22856,Stadio Comunale Luigi Ferraris,Luigi Nasca,NA,https://fbref.com/en/matches/c436b02c/Sampdoria-Juventus-May-26-2019-Serie-A
Serie A,M,ITA,2019,NA,38,Sun,2019-05-26,20:30,SPAL,2,0.6,Milan,3,1.8,16146,Stadio Paolo Mazza,Paolo Valeri,NA,https://fbref.com/en/matches/0826aea6/SPAL-Milan-May-26-2019-Serie-A
Serie A,M,ITA,2019,NA,38,Sun,2019-05-26,20:30,Cagliari,1,3.1,Udinese,2,0.6,15378,Sardegna Arena,Manuel Volpi,NA,https://fbref.com/en/matches/d504580d/Cagliari-Udinese-May-26-2019-Serie-A
Serie A,M,ITA,2019,NA,38,Sun,2019-05-26,20:30,Atalanta,3,2.1,Sassuolo,1,0.7,14376,Stadio Atleti Azzurri d'Italia,Daniele Doveri,NA,https://fbref.com/en/matches/27917bbd/Atalanta-Sassuolo-May-26-2019-Serie-A
Serie A,M,ITA,2019,NA,38,Sun,2019-05-26,20:30,Inter,2,2.8,Empoli,1,2.1,68051,Stadio Giuseppe Meazza,Luca Banti,NA,https://fbref.com/en/matches/2a61e6b3/Internazionale-Empoli-May-26-2019-Serie-A
Serie A,M,ITA,2019,NA,38,Sun,2019-05-26,20:30,Fiorentina,0,0.3,Genoa,0,0.1,37527,Stadio Artemio Franchi,Daniele Orsato,NA,https://fbref.com/en/matches/f260f704/Fiorentina-Genoa-May-26-2019-Serie-A
Serie A,M,ITA,2019,NA,38,Sun,2019-05-26,20:30,Roma,2,1.7,Parma,1,1,62304,Stadio Olimpico,Paolo Mazzoleni,NA,https://fbref.com/en/matches/60341b54/Roma-Parma-May-26-2019-Serie-A
Serie A,M,ITA,2019,NA,4,Sat,2018-09-15,15:00,Inter,0,1.3,Parma,1,0.3,59648,Stadio Giuseppe Meazza,Gianluca Manganiello,NA,https://fbref.com/en/matches/68014e37/Internazionale-Parma-September-15-2018-Serie-A
Serie A,M,ITA,2019,NA,4,Sat,2018-09-15,18:00,Napoli,1,1.4,Fiorentina,0,0.3,20131,Stadio San Paolo,Michael Fabbri,NA,https://fbref.com/en/matches/b208fb74/Napoli-Fiorentina-September-15-2018-Serie-A
Serie A,M,ITA,2019,NA,4,Sat,2018-09-15,20:30,Frosinone,0,0.7,Sampdoria,5,2.5,12502,Stadio Benito Stirpe,Massimiliano Irrati,NA,https://fbref.com/en/matches/bf65ae94/Frosinone-Sampdoria-September-15-2018-Serie-A
Serie A,M,ITA,2019,NA,4,Sun,2018-09-16,12:30,Roma,2,2.4,Chievo,2,1.6,39849,Stadio Olimpico,Paolo Mazzoleni,NA,https://fbref.com/en/matches/b877c74e/Roma-Chievo-September-16-2018-Serie-A
Serie A,M,ITA,2019,NA,4,Sun,2018-09-16,15:00,Juventus,2,2.4,Sassuolo,1,0.8,40563,Allianz Stadium,Daniele Chiffi,NA,https://fbref.com/en/matches/37302313/Juventus-Sassuolo-September-16-2018-Serie-A
Serie A,M,ITA,2019,NA,4,Sun,2018-09-16,15:00,Udinese,1,0.3,Torino,1,0.7,18813,Dacia Arena,Paolo Valeri,NA,https://fbref.com/en/matches/305c7c4e/Udinese-Torino-September-16-2018-Serie-A
Serie A,M,ITA,2019,NA,4,Sun,2018-09-16,15:00,Genoa,1,0.7,Bologna,0,0.8,20032,Stadio Comunale Luigi Ferraris,Luca Banti,NA,https://fbref.com/en/matches/64118347/Genoa-Bologna-September-16-2018-Serie-A
Serie A,M,ITA,2019,NA,4,Sun,2018-09-16,18:00,Empoli,0,1.6,Lazio,1,2.4,10832,Stadio Carlo Castellani,Daniele Orsato,NA,https://fbref.com/en/matches/af2ecea2/Empoli-Lazio-September-16-2018-Serie-A
Serie A,M,ITA,2019,NA,4,Sun,2018-09-16,20:30,Cagliari,1,0.5,Milan,1,2.1,16201,Sardegna Arena,Rosario Abisso,NA,https://fbref.com/en/matches/5cf4181b/Cagliari-Milan-September-16-2018-Serie-A
Serie A,M,ITA,2019,NA,4,Mon,2018-09-17,20:30,SPAL,2,1.7,Atalanta,0,0.8,14153,Stadio Paolo Mazza,Maurizio Mariani,NA,https://fbref.com/en/matches/dc04de87/SPAL-Atalanta-September-17-2018-Serie-A
Serie A,M,ITA,2019,NA,5,Fri,2018-09-21,20:30,Sassuolo,3,2.2,Empoli,1,1.1,10183,Stadio Città del Tricolore,Federico La Penna,NA,https://fbref.com/en/matches/fa7d3c6d/Sassuolo-Empoli-September-21-2018-Serie-A
Serie A,M,ITA,2019,NA,5,Sat,2018-09-22,15:00,Parma,2,2.3,Cagliari,0,0.9,14852,Stadio Ennio Tardini,Giampaolo Calvarese,NA,https://fbref.com/en/matches/976466b0/Parma-Cagliari-September-22-2018-Serie-A
Serie A,M,ITA,2019,NA,5,Sat,2018-09-22,18:00,Fiorentina,3,1.5,SPAL,0,0.6,30068,Stadio Artemio Franchi,Davide Ghersini,NA,https://fbref.com/en/matches/85a325de/Fiorentina-SPAL-September-22-2018-Serie-A
Serie A,M,ITA,2019,NA,5,Sat,2018-09-22,20:30,Sampdoria,0,0.4,Inter,1,0.9,22835,Stadio Comunale Luigi Ferraris,Marco Guida,NA,https://fbref.com/en/matches/311dafe4/Sampdoria-Internazionale-September-22-2018-Serie-A
Serie A,M,ITA,2019,NA,5,Sun,2018-09-23,12:30,Torino,1,1.2,Napoli,3,2,22655,Stadio Olimpico di Torino,Massimiliano Irrati,NA,https://fbref.com/en/matches/5c05a806/Torino-Napoli-September-23-2018-Serie-A
Serie A,M,ITA,2019,NA,5,Sun,2018-09-23,15:00,Bologna,2,0.9,Roma,0,2.9,20067,Stadio Renato Dall'Ara,Davide Massa,NA,https://fbref.com/en/matches/6d33bbb0/Bologna-Roma-September-23-2018-Serie-A
Serie A,M,ITA,2019,NA,5,Sun,2018-09-23,15:00,Lazio,4,2.9,Genoa,1,0.7,30000,Stadio Olimpico,Rosario Abisso,NA,https://fbref.com/en/matches/6c773dd6/Lazio-Genoa-September-23-2018-Serie-A
Serie A,M,ITA,2019,NA,5,Sun,2018-09-23,15:00,Chievo,0,1.5,Udinese,2,1.1,10000,Stadio Marc'Antonio Bentegodi,Luca Pairetto,NA,https://fbref.com/en/matches/bbc47e50/Chievo-Udinese-September-23-2018-Serie-A
Serie A,M,ITA,2019,NA,5,Sun,2018-09-23,18:00,Milan,2,2.6,Atalanta,2,1.8,51684,Stadio Giuseppe Meazza,Daniele Doveri,NA,https://fbref.com/en/matches/f06bb875/Milan-Atalanta-September-23-2018-Serie-A
Serie A,M,ITA,2019,NA,5,Sun,2018-09-23,20:30,Frosinone,0,0.1,Juventus,2,3,16000,Stadio Benito Stirpe,Piero Giacomelli,NA,https://fbref.com/en/matches/37d02d43/Frosinone-Juventus-September-23-2018-Serie-A
Serie A,M,ITA,2019,NA,6,Tue,2018-09-25,21:00,Inter,2,1.7,Fiorentina,1,1.8,55840,Stadio Giuseppe Meazza,Paolo Mazzoleni,NA,https://fbref.com/en/matches/cc3de56b/Internazionale-Fiorentina-September-25-2018-Serie-A
Serie A,M,ITA,2019,NA,6,Wed,2018-09-26,19:00,Udinese,1,0.9,Lazio,2,1.6,19455,Dacia Arena,Fabio Maresca,NA,https://fbref.com/en/matches/55e64680/Udinese-Lazio-September-26-2018-Serie-A
Serie A,M,ITA,2019,NA,6,Wed,2018-09-26,21:00,Genoa,2,1.3,Chievo,0,1.2,18969,Stadio Comunale Luigi Ferraris,Fabrizio Pasqua,NA,https://fbref.com/en/matches/539bea82/Genoa-Chievo-September-26-2018-Serie-A
Serie A,M,ITA,2019,NA,6,Wed,2018-09-26,21:00,Cagliari,0,1,Sampdoria,0,2.1,14038,Sardegna Arena,Gianluca Rocchi,NA,https://fbref.com/en/matches/5735413c/Cagliari-Sampdoria-September-26-2018-Serie-A
Serie A,M,ITA,2019,NA,6,Wed,2018-09-26,21:00,Napoli,3,2.6,Parma,0,0.1,29354,Stadio San Paolo,Daniele Doveri,NA,https://fbref.com/en/matches/3e70776d/Napoli-Parma-September-26-2018-Serie-A
Serie A,M,ITA,2019,NA,6,Wed,2018-09-26,21:00,Atalanta,0,0.8,Torino,0,0.3,18144,Stadio Atleti Azzurri d'Italia,Daniele Orsato,NA,https://fbref.com/en/matches/e4017e17/Atalanta-Torino-September-26-2018-Serie-A
Serie A,M,ITA,2019,NA,6,Wed,2018-09-26,21:00,Roma,4,2.4,Frosinone,0,0.6,34380,Stadio Olimpico,Marco Di Bello,NA,https://fbref.com/en/matches/8ab82da5/Roma-Frosinone-September-26-2018-Serie-A
Serie A,M,ITA,2019,NA,6,Wed,2018-09-26,21:00,Juventus,2,1.1,Bologna,0,0.3,38472,Allianz Stadium,Maurizio Mariani,NA,https://fbref.com/en/matches/c541e5e5/Juventus-Bologna-September-26-2018-Serie-A
Serie A,M,ITA,2019,NA,6,Thu,2018-09-27,19:00,SPAL,0,1.1,Sassuolo,2,1.9,13945,Stadio Paolo Mazza,Eugenio Abbattista,NA,https://fbref.com/en/matches/0b869122/SPAL-Sassuolo-September-27-2018-Serie-A
Serie A,M,ITA,2019,NA,6,Thu,2018-09-27,21:00,Empoli,1,1.2,Milan,1,1.4,13890,Stadio Carlo Castellani,Michael Fabbri,NA,https://fbref.com/en/matches/dfc7da77/Empoli-Milan-September-27-2018-Serie-A
Serie A,M,ITA,2019,NA,7,Sat,2018-09-29,15:00,Roma,3,2,Lazio,1,0.9,47600,Stadio Olimpico,Gianluca Rocchi,NA,https://fbref.com/en/matches/f37a8fa3/Roma-Lazio-September-29-2018-Serie-A
Serie A,M,ITA,2019,NA,7,Sat,2018-09-29,18:00,Juventus,3,2.8,Napoli,1,1.5,39252,Allianz Stadium,Luca Banti,NA,https://fbref.com/en/matches/d2cccf44/Juventus-Napoli-September-29-2018-Serie-A
Serie A,M,ITA,2019,NA,7,Sat,2018-09-29,20:30,Inter,2,1,Cagliari,0,0.2,55486,Stadio Giuseppe Meazza,Davide Massa,NA,https://fbref.com/en/matches/f4a15ae9/Internazionale-Cagliari-September-29-2018-Serie-A
Serie A,M,ITA,2019,NA,7,Sun,2018-09-30,12:30,Bologna,2,1.6,Udinese,1,1,19039,Stadio Renato Dall'Ara,Gianluca Manganiello,NA,https://fbref.com/en/matches/83129638/Bologna-Udinese-September-30-2018-Serie-A
Serie A,M,ITA,2019,NA,7,Sun,2018-09-30,15:00,Frosinone,1,1.6,Genoa,2,1,12384,Stadio Benito Stirpe,Juan Sacchi,NA,https://fbref.com/en/matches/8c1894ab/Frosinone-Genoa-September-30-2018-Serie-A
Serie A,M,ITA,2019,NA,7,Sun,2018-09-30,15:00,Fiorentina,2,1.1,Atalanta,0,0.8,30535,Stadio Artemio Franchi,Paolo Valeri,NA,https://fbref.com/en/matches/46205931/Fiorentina-Atalanta-September-30-2018-Serie-A
Serie A,M,ITA,2019,NA,7,Sun,2018-09-30,15:00,Chievo,0,0.3,Torino,1,1.6,10500,Stadio Marc'Antonio Bentegodi,Marco Guida,NA,https://fbref.com/en/matches/15a2a3da/Chievo-Torino-September-30-2018-Serie-A
Serie A,M,ITA,2019,NA,7,Sun,2018-09-30,18:00,Parma,1,0.6,Empoli,0,1.3,14584,Stadio Ennio Tardini,Luca Pairetto,NA,https://fbref.com/en/matches/b087d0a1/Parma-Empoli-September-30-2018-Serie-A
Serie A,M,ITA,2019,NA,7,Sun,2018-09-30,20:30,Sassuolo,1,0.7,Milan,4,1.2,16795,Stadio Città del Tricolore,Piero Giacomelli,NA,https://fbref.com/en/matches/b493840d/Sassuolo-Milan-September-30-2018-Serie-A
Serie A,M,ITA,2019,NA,7,Mon,2018-10-01,20:30,Sampdoria,2,1.2,SPAL,1,1.3,17885,Stadio Comunale Luigi Ferraris,Federico La Penna,NA,https://fbref.com/en/matches/60b0ad33/Sampdoria-SPAL-October-1-2018-Serie-A
Serie A,M,ITA,2019,NA,8,Fri,2018-10-05,20:30,Torino,3,1.8,Frosinone,2,2,16554,Stadio Olimpico di Torino,Ivan Pezzuto,NA,https://fbref.com/en/matches/4c04b010/Torino-Frosinone-October-5-2018-Serie-A
Serie A,M,ITA,2019,NA,8,Sat,2018-10-06,15:00,Cagliari,2,1.7,Bologna,0,0.4,15019,Sardegna Arena,Fabrizio Pasqua,NA,https://fbref.com/en/matches/e336189b/Cagliari-Bologna-October-6-2018-Serie-A
Serie A,M,ITA,2019,NA,8,Sat,2018-10-06,18:00,Udinese,0,0.7,Juventus,2,2.3,25000,Dacia Arena,Rosario Abisso,NA,https://fbref.com/en/matches/ab2feeab/Udinese-Juventus-October-6-2018-Serie-A
Serie A,M,ITA,2019,NA,8,Sat,2018-10-06,20:30,Empoli,0,2.1,Roma,2,0.8,10670,Stadio Carlo Castellani,Paolo Mazzoleni,NA,https://fbref.com/en/matches/aa9de6dc/Empoli-Roma-October-6-2018-Serie-A
Serie A,M,ITA,2019,NA,8,Sun,2018-10-07,12:30,Genoa,1,1.8,Parma,3,1.2,20511,Stadio Comunale Luigi Ferraris,Daniele Chiffi,NA,https://fbref.com/en/matches/a223dbf3/Genoa-Parma-October-7-2018-Serie-A
Serie A,M,ITA,2019,NA,8,Sun,2018-10-07,15:00,Atalanta,0,2,Sampdoria,1,0.5,19164,Stadio Atleti Azzurri d'Italia,Massimiliano Irrati,NA,https://fbref.com/en/matches/5dc48772/Atalanta-Sampdoria-October-7-2018-Serie-A
Serie A,M,ITA,2019,NA,8,Sun,2018-10-07,15:00,Milan,3,2.7,Chievo,1,0.5,48088,Stadio Giuseppe Meazza,Giampaolo Calvarese,NA,https://fbref.com/en/matches/5335e1d2/Milan-Chievo-October-7-2018-Serie-A
Serie A,M,ITA,2019,NA,8,Sun,2018-10-07,15:00,Lazio,1,1.5,Fiorentina,0,1.1,30000,Stadio Olimpico,Daniele Orsato,NA,https://fbref.com/en/matches/86b366f7/Lazio-Fiorentina-October-7-2018-Serie-A
Serie A,M,ITA,2019,NA,8,Sun,2018-10-07,18:00,Napoli,2,1.5,Sassuolo,0,1,29647,Stadio San Paolo,Marco Di Bello,NA,https://fbref.com/en/matches/c1bd224f/Napoli-Sassuolo-October-7-2018-Serie-A
Serie A,M,ITA,2019,NA,8,Sun,2018-10-07,20:30,SPAL,1,3,Inter,2,1.4,15750,Stadio Paolo Mazza,Fabio Maresca,NA,https://fbref.com/en/matches/0accdf58/SPAL-Internazionale-October-7-2018-Serie-A
Serie A,M,ITA,2019,NA,9,Sat,2018-10-20,15:00,Roma,0,1.6,SPAL,2,1.6,39838,Stadio Olimpico,Luca Pairetto,NA,https://fbref.com/en/matches/e4bccaf6/Roma-SPAL-October-20-2018-Serie-A
Serie A,M,ITA,2019,NA,9,Sat,2018-10-20,18:00,Juventus,1,1.8,Genoa,1,1,37735,Allianz Stadium,Federico La Penna,NA,https://fbref.com/en/matches/46e81730/Juventus-Genoa-October-20-2018-Serie-A
Serie A,M,ITA,2019,NA,9,Sat,2018-10-20,20:30,Udinese,0,2,Napoli,3,1.8,21449,Dacia Arena,Maurizio Mariani,NA,https://fbref.com/en/matches/742e1bd2/Udinese-Napoli-October-20-2018-Serie-A
Serie A,M,ITA,2019,NA,9,Sun,2018-10-21,12:30,Frosinone,3,1.1,Empoli,3,1.6,12287,Stadio Benito Stirpe,Daniele Orsato,NA,https://fbref.com/en/matches/90256e72/Frosinone-Empoli-October-21-2018-Serie-A
Serie A,M,ITA,2019,NA,9,Sun,2018-10-21,15:00,Chievo,1,0.9,Atalanta,5,2.1,12000,Stadio Marc'Antonio Bentegodi,Gianluca Rocchi,NA,https://fbref.com/en/matches/46c6a36f/Chievo-Atalanta-October-21-2018-Serie-A
Serie A,M,ITA,2019,NA,9,Sun,2018-10-21,15:00,Bologna,2,1.5,Torino,2,0.9,23245,Stadio Renato Dall'Ara,Luca Banti,NA,https://fbref.com/en/matches/46ef4b1a/Bologna-Torino-October-21-2018-Serie-A
Serie A,M,ITA,2019,NA,9,Sun,2018-10-21,15:00,Parma,0,0.2,Lazio,2,2.8,18969,Stadio Ennio Tardini,Michael Fabbri,NA,https://fbref.com/en/matches/8fb4107b/Parma-Lazio-October-21-2018-Serie-A
Serie A,M,ITA,2019,NA,9,Sun,2018-10-21,18:00,Fiorentina,1,1.6,Cagliari,1,1,31567,Stadio Artemio Franchi,Piero Giacomelli,NA,https://fbref.com/en/matches/93821741/Fiorentina-Cagliari-October-21-2018-Serie-A
Serie A,M,ITA,2019,NA,9,Sun,2018-10-21,20:30,Inter,1,1.6,Milan,0,0.7,78275,Stadio Giuseppe Meazza,Marco Guida,NA,https://fbref.com/en/matches/853013c4/Derby-della-Madonnina-Internazionale-Milan-October-21-2018-Serie-A
Serie A,M,ITA,2019,NA,9,Mon,2018-10-22,20:30,Sampdoria,0,1.3,Sassuolo,0,0.6,19064,Stadio Comunale Luigi Ferraris,Francesco Fourneau,NA,https://fbref.com/en/matches/4c35760e/Sampdoria-Sassuolo-October-22-2018-Serie-A
